date,high,low,cache,share_count,amount_in_shares,overall_result,comission,tax,total_tax
2020-01-03,230.04,226.25,400000.0,0,0.0,400000.0,0,0,0
2020-01-06,226.73,223.86,400000.0,0,0.0,400000.0,0,0,0
2020-01-08,230.87,225.22,400000.0,0,0.0,400000.0,0,0,0
2020-01-09,232.7,230.24,400000.0,0,0.0,400000.0,0,0,0
2020-01-10,232.4,230.05,400000.0,0,0.0,400000.0,0,0,0
2020-01-13,234.95,231.99,400000.0,0,0.0,400000.0,0,0,0
2020-01-14,236.47,230.14,400000.0,0,0.0,400000.0,0,0,0
2020-01-15,232.8,230.02,400000.0,0,0.0,400000.0,0,0,0
2020-01-16,233.07,230.6,400000.0,0,0.0,400000.0,0,0,0
2020-01-17,235.21,231.2,400000.0,0,0.0,400000.0,0,0,0
2020-01-20,238.7,234.59,400000.0,0,0.0,400000.0,0,0,0
2020-01-21,239.43,235.11,400000.0,0,0.0,400000.0,0,0,0
2020-01-22,241.24,235.63,400000.0,0,0.0,400000.0,0,0,0
2020-01-23,236.17,232.97,400000.0,0,0.0,400000.0,0,0,0
2020-01-24,236.29,233.73,400000.0,0,0.0,400000.0,0,0,0
2020-01-27,232.4,227.0,400000.0,0,0.0,400000.0,0,0,0
2020-01-28,230.45,226.0,400000.0,0,0.0,400000.0,0,0,0
2020-01-29,232.23,230.15,400000.0,0,0.0,400000.0,0,0,0
2020-01-30,230.48,228.24,400000.0,0,0.0,400000.0,0,0,0
2020-01-31,231.3,222.23,400000.0,0,0.0,400000.0,0,0,0
2020-02-03,226.9,224.56,400000.0,0,0.0,400000.0,0,0,0
2020-02-04,227.64,225.77,400000.0,0,0.0,400000.0,0,0,0
2020-02-05,231.69,225.6,400000.0,0,0.0,400000.0,0,0,0
2020-02-06,231.65,228.45,400000.0,0,0.0,400000.0,0,0,0
2020-02-07,231.08,226.5,400000.0,0,0.0,400000.0,0,0,0
2020-02-10,232.85,229.71,400000.0,0,0.0,400000.0,0,0,0
2020-02-11,243.4,232.61,400000.0,0,0.0,400000.0,0,0,0
2020-02-12,238.8,233.25,400000.0,0,0.0,400000.0,0,0,0
2020-02-13,237.0,233.72,400000.0,0,0.0,400000.0,0,0,0
2020-02-14,236.99,232.33,400000.0,0,0.0,400000.0,0,0,0
2020-02-17,234.0,230.41,400000.0,0,0.0,400000.0,0,0,0
2020-02-18,231.05,225.75,400000.0,0,0.0,400000.0,0,0,0
2020-02-19,229.86,227.15,400000.0,0,0.0,400000.0,0,0,0
2020-02-20,231.7,229.6,400000.0,0,0.0,400000.0,0,0,0
2020-02-21,231.33,228.12,400000.0,0,0.0,400000.0,0,0,0
2020-02-25,229.27,226.8,400000.0,0,0.0,400000.0,0,0,0
2020-02-26,229.38,225.2,400000.0,0,0.0,400000.0,0,0,0
2020-02-27,228.27,221.5,400000.0,0,0.0,400000.0,0,0,0
2020-02-28,221.0,210.0,400000.0,0,0.0,400000.0,0,0,0
2020-03-02,222.34,207.09,400000.0,0,0.0,400000.0,0,0,0
2020-03-03,223.53,218.16,400000.0,0,0.0,400000.0,0,0,0
2020-03-04,222.5,218.83,400000.0,0,0.0,400000.0,0,0,0
2020-03-05,224.2,218.65,400000.0,0,0.0,400000.0,0,0,0
2020-03-06,217.99,207.51,400000.0,0,0.0,400000.0,0,0,0
2020-03-10,203.67,177.0,400000.0,0,0.0,400000.0,0,0,0
2020-03-11,200.0,187.03,400000.0,0,0.0,400000.0,0,0,0
2020-03-12,181.51,169.07,400000.0,0,0.0,400000.0,0,0,0
2020-03-13,190.0,172.13,400000.0,0,0.0,400000.0,0,0,0
2020-03-16,183.1,168.0,400000.0,0,0.0,400000.0,0,0,0
2020-03-17,186.15,170.75,400000.0,0,0.0,400000.0,0,0,0
2020-03-18,172.7,160.35,132.1,2408,390096.0,390228.1,139.9,0,0
2020-03-19,173.95,160.0,132.1,2408,416463.6,416595.7,139.9,0,0
2020-03-20,186.88,177.6,132.1,2408,435607.2,435739.3,139.9,0,0
2020-03-23,178.53,172.0,132.1,2408,419473.6,419605.7,139.9,0,0
2020-03-24,183.26,178.51,132.1,2408,436088.8,436220.9,139.9,0,0
2020-03-25,189.23,173.36,132.1,2408,426240.08,426372.18,139.9,0,0
2020-03-26,180.48,174.35,132.1,2408,431272.8,431404.9,139.9,0,0
2020-03-27,180.67,173.0,132.1,2408,416584.0,416716.1,139.9,0,0
2020-03-30,173.9,167.43,132.1,2408,418390.0,418522.1,139.9,0,0
2020-03-31,178.3,174.13,132.1,2408,425806.64,425938.74,139.9,0,0
2020-04-01,175.93,172.0,132.1,2408,419232.8,419364.9,139.9,0,0
2020-04-02,178.05,171.17,132.1,2408,419810.72,419942.82,139.9,0,0
2020-04-03,175.83,173.0,132.1,2408,422604.0,422736.1,139.9,0,0
2020-04-06,180.79,175.55,132.1,2408,433151.04,433283.14,139.9,0,0
2020-04-07,187.4,181.36,132.1,2408,442445.92,442578.02,139.9,0,0
2020-04-08,185.17,181.54,132.1,2408,445889.36,446021.46,139.9,0,0
2020-04-09,188.23,184.43,132.1,2408,449332.8,449464.9,139.9,0,0
2020-04-10,187.0,184.46,132.1,2408,446298.72,446430.82,139.9,0,0
2020-04-13,186.0,180.52,132.1,2408,436811.2,436943.3,139.9,0,0
2020-04-14,183.3,179.0,132.1,2408,434306.88,434438.98,139.9,0,0
2020-04-15,179.5,171.0,132.1,2408,414176.0,414308.1,139.9,0,0
2020-04-16,175.16,169.4,132.1,2408,414561.28,414693.38,139.9,0,0
2020-04-17,175.03,165.5,132.1,2408,419232.8,419364.9,139.9,0,0
2020-04-20,173.8,171.0,132.1,2408,412658.96,412791.06,139.9,0,0
2020-04-21,169.4,166.44,132.1,2408,403701.2,403833.3,139.9,0,0
2020-04-22,172.75,166.4,132.1,2408,413935.2,414067.3,139.9,0,0
2020-04-23,173.66,171.26,132.1,2408,415717.12,415849.22,139.9,0,0
2020-04-24,173.5,170.16,132.1,2408,412875.68,413007.78,139.9,0,0
2020-04-27,173.16,171.7,132.1,2408,415211.44,415343.54,139.9,0,0
2020-04-28,177.34,171.78,132.1,2408,424096.96,424229.06,139.9,0,0
2020-04-29,177.89,176.3,132.1,2408,427420.0,427552.1,139.9,0,0
2020-04-30,179.78,176.45,132.1,2408,426697.6,426829.7,139.9,0,0
2020-05-04,177.12,174.59,132.1,2408,424626.72,424758.82,139.9,0,0
2020-05-05,179.18,177.4,132.1,2408,429803.92,429936.02,139.9,0,0
2020-05-06,181.41,178.54,132.1,2408,435848.0,435980.1,139.9,0,0
2020-05-07,183.33,179.58,132.1,2408,433488.16,433620.26,139.9,0,0
2020-05-08,180.89,178.23,132.1,2408,432934.32,433066.42,139.9,0,0
2020-05-12,180.6,176.57,132.1,2408,428383.2,428515.3,139.9,0,0
2020-05-13,176.99,174.02,132.1,2408,420484.96,420617.06,139.9,0,0
2020-05-14,175.42,172.0,132.1,2408,415693.04,415825.14,139.9,0,0
2020-05-15,174.95,172.25,132.1,2408,414850.24,414982.34,139.9,0,0
2020-05-18,177.41,173.54,132.1,2408,426553.12,426685.22,139.9,0,0
2020-05-19,180.1,173.3,132.1,2408,420412.72,420544.82,139.9,0,0
2020-05-20,178.5,173.3,132.1,2408,428335.04,428467.14,139.9,0,0
2020-05-21,179.62,176.25,132.1,2408,425710.32,425842.42,139.9,0,0
2020-05-22,176.94,175.22,132.1,2408,425397.28,425529.38,139.9,0,0
2020-05-25,177.62,174.93,132.1,2408,425734.4,425866.5,139.9,0,0
2020-05-26,179.0,176.79,132.1,2408,426745.76,426877.86,139.9,0,0
2020-05-27,179.87,176.4,132.1,2408,430550.4,430682.5,139.9,0,0
2020-05-28,185.5,179.11,132.1,2408,446684.0,446816.1,139.9,0,0
2020-05-29,184.79,180.7,132.1,2408,437292.8,437424.9,139.9,0,0
2020-06-01,185.23,182.51,132.1,2408,443072.0,443204.1,139.9,0,0
2020-06-02,193.53,184.29,132.1,2408,463540.0,463672.1,139.9,0,0
2020-06-03,199.0,193.51,132.1,2408,479167.92,479300.02,139.9,0,0
2020-06-04,199.38,192.08,132.1,2408,464984.8,465116.9,139.9,0,0
2020-06-05,200.65,194.77,132.1,2408,482322.4,482454.5,139.9,0,0
2020-06-08,202.6,198.76,132.1,2408,482804.0,482936.1,139.9,0,0
2020-06-09,202.24,195.12,132.1,2408,477867.6,477999.7,139.9,0,0
2020-06-10,198.97,195.42,132.1,2408,471606.8,471738.9,139.9,0,0
2020-06-11,194.02,190.56,132.1,2408,460891.2,461023.3,139.9,0,0
2020-06-15,191.36,186.53,132.1,2408,459928.0,460060.1,139.9,0,0
2020-06-16,195.6,192.58,132.1,2408,465225.6,465357.7,139.9,0,0
2020-06-17,194.89,191.29,132.1,2408,460626.32,460758.42,139.9,0,0
2020-06-18,192.56,187.71,132.1,2408,457038.4,457170.5,139.9,0,0
2020-06-19,192.5,190.17,132.1,2408,460144.72,460276.82,139.9,0,0
2020-06-22,192.97,189.2,132.1,2408,459952.08,460084.18,139.9,0,0
2020-06-23,193.0,190.2,132.1,2408,458724.0,458856.1,139.9,0,0
2020-06-25,190.0,186.1,132.1,2408,457520.0,457652.1,139.9,0,0
2020-06-26,190.62,186.72,132.1,2408,451740.8,451872.9,139.9,0,0
2020-06-29,190.7,186.02,132.1,2408,458964.8,459096.9,139.9,0,0
2020-06-30,191.1,187.75,132.1,2408,454534.08,454666.18,139.9,0,0
2020-07-02,192.9,188.99,132.1,2408,463780.8,463912.9,139.9,0,0
2020-07-03,194.4,191.98,132.1,2408,465875.76,466007.86,139.9,0,0
2020-07-06,197.98,195.0,132.1,2408,474159.28,474291.38,139.9,0,0
2020-07-07,196.75,192.12,132.1,2408,465346.0,465478.1,139.9,0,0
2020-07-08,194.36,191.57,132.1,2408,465899.84,466031.94,139.9,0,0
2020-07-09,194.38,191.39,132.1,2408,463443.68,463575.78,139.9,0,0
2020-07-10,193.68,190.1,132.1,2408,465923.92,466056.02,139.9,0,0
2020-07-13,195.33,190.8,132.1,2408,459614.96,459747.06,139.9,0,0
2020-07-14,192.4,189.02,132.1,2408,462745.36,462877.46,139.9,0,0
2020-07-15,193.86,191.25,132.1,2408,465249.68,465381.78,139.9,0,0
2020-07-16,195.19,191.85,132.1,2408,466814.88,466946.98,139.9,0,0
2020-07-17,195.45,193.44,132.1,2408,470017.52,470149.62,139.9,0,0
2020-07-20,197.9,193.52,132.1,2408,476157.92,476290.02,139.9,0,0
2020-07-21,200.75,197.9,132.1,2408,477626.8,477758.9,139.9,0,0
2020-07-22,199.97,196.75,132.1,2408,480058.88,480190.98,139.9,0,0
2020-07-23,200.83,197.53,132.1,2408,477747.2,477879.3,139.9,0,0
2020-07-24,199.95,196.67,132.1,2408,479192.0,479324.1,139.9,0,0
2020-07-27,201.67,198.74,132.1,2408,484706.32,484838.42,139.9,0,0
2020-07-28,202.01,199.59,132.1,2408,482731.76,482863.86,139.9,0,0
2020-07-29,203.0,200.18,132.1,2408,488510.96,488643.06,139.9,0,0
2020-07-30,210.01,200.38,132.1,2408,489618.64,489750.74,139.9,0,0
2020-07-31,205.95,203.14,132.1,2408,494771.76,494903.86,139.9,0,0
2020-08-03,210.77,204.0,132.1,2408,505246.56,505378.66,139.9,0,0
2020-08-04,211.62,208.62,132.1,2408,506643.2,506775.3,139.9,0,0
2020-08-05,211.5,208.21,132.1,2408,504114.8,504246.9,139.9,0,0
2020-08-06,210.12,208.0,132.1,2408,504355.6,504487.7,139.9,0,0
2020-08-07,210.92,208.52,132.1,2408,507124.8,507256.9,139.9,0,0
2020-08-10,211.91,209.22,132.1,2408,507221.12,507353.22,139.9,0,0
2020-08-11,216.4,210.72,132.1,2408,515456.48,515588.58,139.9,0,0
2020-08-12,220.64,214.5,132.1,2408,530964.0,531096.1,139.9,0,0
2020-08-13,222.57,218.23,132.1,2408,529784.08,529916.18,139.9,0,0
2020-08-14,220.5,217.22,132.1,2408,528002.16,528134.26,139.9,0,0
2020-08-17,220.73,215.5,132.1,2408,524438.32,524570.42,139.9,0,0
2020-08-18,218.43,215.44,132.1,2408,520850.4,520982.5,139.9,0,0
2020-08-19,219.43,215.09,132.1,2408,525305.2,525437.3,139.9,0,0
2020-08-20,217.91,213.7,132.1,2408,518924.0,519056.1,139.9,0,0
2020-08-21,220.9,213.2,132.1,2408,524245.68,524377.78,139.9,0,0
2020-08-24,219.76,217.6,132.1,2408,527231.6,527363.7,139.9,0,0
2020-08-25,219.8,216.0,132.1,2408,522511.92,522644.02,139.9,0,0
2020-08-26,217.64,214.82,132.1,2408,523499.2,523631.3,139.9,0,0
2020-08-27,218.08,215.66,132.1,2408,521572.8,521704.9,139.9,0,0
2020-08-28,217.16,215.0,132.1,2408,519020.32,519152.42,139.9,0,0
2020-08-31,217.11,214.57,132.1,2408,518924.0,519056.1,139.9,0,0
2020-09-01,217.37,215.62,132.1,2408,522921.28,523053.38,139.9,0,0
2020-09-02,218.2,212.05,132.1,2408,515312.0,515444.1,139.9,0,0
2020-09-03,215.49,209.7,132.1,2408,506643.2,506775.3,139.9,0,0
2020-09-04,214.6,207.4,132.1,2408,516154.8,516286.9,139.9,0,0
2020-09-07,216.1,212.63,132.1,2408,515143.44,515275.54,139.9,0,0
2020-09-08,214.47,209.03,132.1,2408,508184.32,508316.42,139.9,0,0
2020-09-09,211.91,210.0,132.1,2408,508497.36,508629.46,139.9,0,0
2020-09-10,213.52,209.5,132.1,2408,509051.2,509183.3,139.9,0,0
2020-09-11,215.15,210.94,132.1,2408,516058.48,516190.58,139.9,0,0
2020-09-14,218.5,215.08,132.1,2408,525666.4,525798.5,139.9,0,0
2020-09-15,221.97,218.01,132.1,2408,534262.96,534395.06,139.9,0,0
2020-09-16,224.1,220.81,132.1,2408,534840.88,534972.98,139.9,0,0
2020-09-17,222.22,220.01,132.1,2408,534311.12,534443.22,139.9,0,0
2020-09-18,222.69,221.01,132.1,2408,534913.12,535045.22,139.9,0,0
2020-09-21,222.32,216.55,132.1,2408,527954.0,528086.1,139.9,0,0
2020-09-22,223.0,218.55,132.1,2408,535153.92,535286.02,139.9,0,0
2020-09-23,223.37,220.57,132.1,2408,534094.4,534226.5,139.9,0,0
2020-09-24,223.7,218.52,132.1,2408,529760.0,529892.1,139.9,0,0
2020-09-25,221.71,219.01,132.1,2408,531927.2,532059.3,139.9,0,0
2020-09-28,222.11,220.33,132.1,2408,533299.76,533431.86,139.9,0,0
2020-09-29,221.9,218.1,132.1,2408,529711.84,529843.94,139.9,0,0
2020-09-30,222.7,218.2,132.1,2408,534094.4,534226.5,139.9,0,0
2020-10-01,222.5,219.3,132.1,2408,529808.16,529940.26,139.9,0,0
2020-10-02,205.0,199.5,132.1,2408,487018.0,487150.1,139.9,0,0
2020-10-05,205.5,201.07,132.1,2408,487908.96,488041.06,139.9,0,0
2020-10-06,203.03,200.05,132.1,2408,485187.92,485320.02,139.9,0,0
2020-10-07,202.66,199.91,132.1,2408,484248.8,484380.9,139.9,0,0
2020-10-08,201.76,200.22,132.1,2408,482804.0,482936.1,139.9,0,0
2020-10-09,201.32,197.53,132.1,2408,478614.08,478746.18,139.9,0,0
2020-10-12,200.08,198.0,132.1,2408,478228.8,478360.9,139.9,0,0
2020-10-13,198.8,195.08,132.1,2408,470523.2,470655.3,139.9,0,0
2020-10-14,199.0,195.1,132.1,2408,478276.96,478409.06,139.9,0,0
2020-10-15,198.79,194.0,132.1,2408,470162.0,470294.1,139.9,0,0
2020-10-16,196.21,192.3,132.1,2408,464719.92,464852.02,139.9,0,0
2020-10-19,194.4,192.5,132.1,2408,464744.0,464876.1,139.9,0,0
2020-10-20,197.5,193.1,132.1,2408,475411.44,475543.54,139.9,0,0
2020-10-21,199.97,195.97,132.1,2408,475796.72,475928.82,139.9,0,0
2020-10-22,198.53,195.78,132.1,2408,474303.76,474435.86,139.9,0,0
2020-10-23,200.77,196.62,132.1,2408,482322.4,482454.5,139.9,0,0
2020-10-26,200.5,197.55,132.1,2408,476735.84,476867.94,139.9,0,0
2020-10-27,199.25,195.89,132.1,2408,473653.6,473785.7,139.9,0,0
2020-10-28,196.5,191.01,132.1,2408,464840.32,464972.42,139.9,0,0
2020-10-29,196.5,191.5,132.1,2408,469704.48,469836.58,139.9,0,0
2020-10-30,194.92,192.49,132.1,2408,464527.28,464659.38,139.9,0,0
2020-11-02,196.8,189.27,132.1,2408,472570.0,472702.1,139.9,0,0
2020-11-03,201.76,195.82,132.1,2408,481070.24,481202.34,139.9,0,0
2020-11-05,209.5,202.01,132.1,2408,493664.08,493796.18,139.9,0,0
2020-11-06,205.8,202.43,132.1,2408,493134.32,493266.42,139.9,0,0
2020-11-09,215.4,206.12,132.1,2408,511242.48,511374.58,139.9,0,0
2020-11-10,220.4,211.6,132.1,2408,525401.52,525533.62,139.9,0,0
2020-11-11,224.21,219.2,132.1,2408,534262.96,534395.06,139.9,0,0
2020-11-12,224.02,218.3,132.1,2408,532168.0,532300.1,139.9,0,0
2020-11-13,222.71,219.0,132.1,2408,532168.0,532300.1,139.9,0,0
2020-11-16,225.77,222.56,132.1,2408,539921.76,540053.86,139.9,0,0
2020-11-17,226.08,221.55,132.1,2408,536984.0,537116.1,139.9,0,0
2020-11-18,224.87,222.24,132.1,2408,536261.6,536393.7,139.9,0,0
2020-11-19,222.95,219.0,132.1,2408,531903.12,532035.22,139.9,0,0
2020-11-20,221.5,218.76,132.1,2408,533347.92,533480.02,139.9,0,0
2020-11-23,224.45,219.78,132.1,2408,534022.16,534154.26,139.9,0,0
2020-11-24,226.4,220.7,132.1,2408,542233.44,542365.54,139.9,0,0
2020-11-25,230.18,224.67,132.1,2408,553599.2,553731.3,139.9,0,0
2020-11-26,230.38,226.43,132.1,2408,548686.88,548818.98,139.9,0,0
2020-11-27,230.5,226.8,132.1,2408,553623.28,553755.38,139.9,0,0
2020-11-30,230.45,226.81,132.1,2408,552034.0,552166.1,139.9,0,0
2020-12-01,235.27,229.17,132.1,2408,566289.36,566421.46,139.9,0,0
2020-12-02,238.99,234.2,132.1,2408,573706.0,573838.1,139.9,0,0
2020-12-03,240.39,236.41,577849.83,0,0.0,577849.83,342.17,23164.96,23164.96
2020-12-04,245.89,239.67,577849.83,0,0.0,577849.83,342.17,23164.96,23164.96
2020-12-07,249.78,243.5,577849.83,0,0.0,577849.83,342.17,23164.96,23164.96
2020-12-08,250.57,246.37,577849.83,0,0.0,577849.83,342.17,23164.96,23164.96
2020-12-09,252.0,249.0,577849.83,0,0.0,577849.83,342.17,23164.96,23164.96
2020-12-10,251.8,247.66,577849.83,0,0.0,577849.83,342.17,23164.96,23164.96
2020-12-11,253.81,249.9,577849.83,0,0.0,577849.83,342.17,23164.96,23164.96
2020-12-14,253.7,243.8,577849.83,0,0.0,577849.83,342.17,23164.96,23164.96
2020-12-15,248.75,242.74,577849.83,0,0.0,577849.83,342.17,23164.96,23164.96
2020-12-16,247.0,243.55,577849.83,0,0.0,577849.83,342.17,23164.96,23164.96
2020-12-17,252.3,248.0,577849.83,0,0.0,577849.83,342.17,23164.96,23164.96
2020-12-18,248.98,240.7,577849.83,0,0.0,577849.83,342.17,23164.96,23164.96
2020-12-21,238.84,230.5,554684.87,0,0.0,577849.83,342.17,0,23164.96
2020-12-22,239.99,227.5,554684.87,0,0.0,554684.87,342.17,0,23164.96
2020-12-23,242.89,235.26,554684.87,0,0.0,554684.87,342.17,0,23164.96
2020-12-24,245.0,238.22,554684.87,0,0.0,554684.87,342.17,0,23164.96
2020-12-25,241.85,239.51,554684.87,0,0.0,554684.87,342.17,0,23164.96
2020-12-28,245.99,241.5,554684.87,0,0.0,554684.87,342.17,0,23164.96
2020-12-29,247.59,242.72,554684.87,0,0.0,554684.87,342.17,0,23164.96
2020-12-30,244.38,240.41,554684.87,0,0.0,554684.87,342.17,0,23164.96
2021-01-04,248.65,242.0,554684.87,0,0.0,554684.87,342.17,0,23164.96
2021-01-05,248.47,243.7,554684.87,0,0.0,554684.87,342.17,0,23164.96
2021-01-06,247.84,245.0,554684.87,0,0.0,554684.87,342.17,0,23164.96
2021-01-08,253.47,247.3,554684.87,0,0.0,554684.87,342.17,0,23164.96
2021-01-11,259.94,249.07,554684.87,0,0.0,554684.87,342.17,0,23164.96
2021-01-12,261.98,254.6,554684.87,0,0.0,554684.87,342.17,0,23164.96
2021-01-13,259.6,251.02,554684.87,0,0.0,554684.87,342.17,0,23164.96
2021-01-14,255.77,249.16,554684.87,0,0.0,554684.87,342.17,0,23164.96
2021-01-15,257.35,248.3,554684.87,0,0.0,554684.87,342.17,0,23164.96
2021-01-18,255.1,246.6,554684.87,0,0.0,554684.87,342.17,0,23164.96
2021-01-19,256.24,251.12,554684.87,0,0.0,554684.87,342.17,0,23164.96
2021-01-20,255.2,251.76,554684.87,0,0.0,554684.87,342.17,0,23164.96
2021-01-21,255.45,248.55,554684.87,0,0.0,554684.87,342.17,0,23164.96
2021-01-22,248.0,241.9,554684.87,0,0.0,554684.87,342.17,0,23164.96
2021-01-25,248.5,241.65,554684.87,0,0.0,554684.87,342.17,0,23164.96
2021-01-26,247.43,242.72,554684.87,0,0.0,554684.87,342.17,0,23164.96
2021-01-27,250.62,243.57,554684.87,0,0.0,554684.87,342.17,0,23164.96
2021-01-28,245.63,240.9,554684.87,0,0.0,554684.87,342.17,0,23164.96
2021-01-29,244.0,237.32,554684.87,0,0.0,554684.87,342.17,0,23164.96
2021-02-01,243.08,238.1,554684.87,0,0.0,554684.87,342.17,0,23164.96
2021-02-02,245.64,241.95,554684.87,0,0.0,554684.87,342.17,0,23164.96
2021-02-03,245.79,240.25,554684.87,0,0.0,554684.87,342.17,0,23164.96
2021-02-04,247.31,241.41,554684.87,0,0.0,554684.87,342.17,0,23164.96
2021-02-05,249.5,246.17,554684.87,0,0.0,554684.87,342.17,0,23164.96
2021-02-08,251.37,248.58,554684.87,0,0.0,554684.87,342.17,0,23164.96
2021-02-09,251.76,246.07,554684.87,0,0.0,554684.87,342.17,0,23164.96
2021-02-10,250.59,243.5,554684.87,0,0.0,554684.87,342.17,0,23164.96
2021-02-11,245.96,242.83,554684.87,0,0.0,554684.87,342.17,0,23164.96
2021-02-12,245.75,238.58,554684.87,0,0.0,554684.87,342.17,0,23164.96
2021-02-15,249.77,246.55,554684.87,0,0.0,554684.87,342.17,0,23164.96
2021-02-16,250.68,247.7,554684.87,0,0.0,554684.87,342.17,0,23164.96
2021-02-17,251.7,246.11,554684.87,0,0.0,554684.87,342.17,0,23164.96
2021-02-18,250.0,245.81,554684.87,0,0.0,554684.87,342.17,0,23164.96
2021-02-19,251.11,244.0,554684.87,0,0.0,554684.87,342.17,0,23164.96
2021-02-20,249.9,247.74,554684.87,0,0.0,554684.87,342.17,0,23164.96
2021-02-22,252.0,247.3,554684.87,0,0.0,554684.87,342.17,0,23164.96
2021-02-24,251.17,247.85,554684.87,0,0.0,554684.87,342.17,0,23164.96
2021-02-25,253.44,249.27,554684.87,0,0.0,554684.87,342.17,0,23164.96
2021-02-26,250.95,246.35,554684.87,0,0.0,554684.87,342.17,0,23164.96
2021-03-01,252.32,249.72,554684.87,0,0.0,554684.87,342.17,0,23164.96
2021-03-02,253.9,248.72,554684.87,0,0.0,554684.87,342.17,0,23164.96
2021-03-03,256.26,251.81,554684.87,0,0.0,554684.87,342.17,0,23164.96
2021-03-04,256.51,249.14,554684.87,0,0.0,554684.87,342.17,0,23164.96
2021-03-05,253.63,249.0,554684.87,0,0.0,554684.87,342.17,0,23164.96
2021-03-09,259.3,252.39,554684.87,0,0.0,554684.87,342.17,0,23164.96
2021-03-10,260.7,256.64,554684.87,0,0.0,554684.87,342.17,0,23164.96
2021-03-11,259.95,256.27,554684.87,0,0.0,554684.87,342.17,0,23164.96
2021-03-12,260.96,257.29,554684.87,0,0.0,554684.87,342.17,0,23164.96
2021-03-15,264.86,259.8,554684.87,0,0.0,554684.87,342.17,0,23164.96
2021-03-16,265.82,261.1,554684.87,0,0.0,554684.87,342.17,0,23164.96
2021-03-17,264.3,255.05,554684.87,0,0.0,554684.87,342.17,0,23164.96
2021-03-18,260.23,254.85,554684.87,0,0.0,554684.87,342.17,0,23164.96
2021-03-19,260.69,255.3,554684.87,0,0.0,554684.87,342.17,0,23164.96
2021-03-22,264.76,258.8,554684.87,0,0.0,554684.87,342.17,0,23164.96
2021-03-23,263.44,259.81,554684.87,0,0.0,554684.87,342.17,0,23164.96
2021-03-24,265.34,260.11,554684.87,0,0.0,554684.87,342.17,0,23164.96
2021-03-25,265.17,262.23,554684.87,0,0.0,554684.87,342.17,0,23164.96
2021-03-26,269.4,265.29,554684.87,0,0.0,554684.87,342.17,0,23164.96
2021-03-29,271.8,267.9,554684.87,0,0.0,554684.87,342.17,0,23164.96
2021-03-30,273.2,270.0,554684.87,0,0.0,554684.87,342.17,0,23164.96
2021-03-31,273.1,270.17,554684.87,0,0.0,554684.87,342.17,0,23164.96
2021-04-01,272.76,268.22,554684.87,0,0.0,554684.87,342.17,0,23164.96
2021-04-02,271.98,269.29,554684.87,0,0.0,554684.87,342.17,0,23164.96
2021-04-05,271.78,268.76,554684.87,0,0.0,554684.87,342.17,0,23164.96
2021-04-06,270.67,264.75,554684.87,0,0.0,554684.87,342.17,0,23164.96
2021-04-07,267.0,261.77,554684.87,0,0.0,554684.87,342.17,0,23164.96
2021-04-08,268.97,265.71,554684.87,0,0.0,554684.87,342.17,0,23164.96
2021-04-09,267.69,264.96,554684.87,0,0.0,554684.87,342.17,0,23164.96
2021-04-12,267.79,263.5,554684.87,0,0.0,554684.87,342.17,0,23164.96
2021-04-13,270.98,266.33,554684.87,0,0.0,554684.87,342.17,0,23164.96
2021-04-14,272.97,270.48,554684.87,0,0.0,554684.87,342.17,0,23164.96
2021-04-15,270.0,266.06,554684.87,0,0.0,554684.87,342.17,0,23164.96
2021-04-16,274.98,269.73,554684.87,0,0.0,554684.87,342.17,0,23164.96
2021-04-19,275.1,272.18,554684.87,0,0.0,554684.87,342.17,0,23164.96
2021-04-20,278.0,271.37,554684.87,0,0.0,554684.87,342.17,0,23164.96
2021-04-21,275.19,272.4,554684.87,0,0.0,554684.87,342.17,0,23164.96
2021-04-22,276.75,272.62,554684.87,0,0.0,554684.87,342.17,0,23164.96
2021-04-23,279.8,276.0,554684.87,0,0.0,554684.87,342.17,0,23164.96
2021-04-26,282.3,279.77,554684.87,0,0.0,554684.87,342.17,0,23164.96
2021-04-27,285.7,281.72,554684.87,0,0.0,554684.87,342.17,0,23164.96
2021-04-28,285.05,281.03,554684.87,0,0.0,554684.87,342.17,0,23164.96
2021-04-29,286.81,281.81,554684.87,0,0.0,554684.87,342.17,0,23164.96
2021-04-30,284.29,281.85,554684.87,0,0.0,554684.87,342.17,0,23164.96
2021-05-04,288.93,284.75,554684.87,0,0.0,554684.87,342.17,0,23164.96
2021-05-05,289.95,287.73,554684.87,0,0.0,554684.87,342.17,0,23164.96
2021-05-06,296.37,289.49,554684.87,0,0.0,554684.87,342.17,0,23164.96
2021-05-07,299.5,296.0,554684.87,0,0.0,554684.87,342.17,0,23164.96
2021-05-10,299.3,295.29,554684.87,0,0.0,554684.87,342.17,0,23164.96
2021-05-11,288.67,280.24,554684.87,0,0.0,554684.87,342.17,0,23164.96
2021-05-12,289.49,280.0,554684.87,0,0.0,554684.87,342.17,0,23164.96
2021-05-13,285.23,276.86,554684.87,0,0.0,554684.87,342.17,0,23164.96
2021-05-14,286.46,281.02,554684.87,0,0.0,554684.87,342.17,0,23164.96
2021-05-17,283.5,279.14,554684.87,0,0.0,554684.87,342.17,0,23164.96
2021-05-18,283.66,281.43,554684.87,0,0.0,554684.87,342.17,0,23164.96
2021-05-19,281.88,276.46,554684.87,0,0.0,554684.87,342.17,0,23164.96
2021-05-20,279.79,275.45,554684.87,0,0.0,554684.87,342.17,0,23164.96
2021-05-21,283.15,277.5,554684.87,0,0.0,554684.87,342.17,0,23164.96
2021-05-24,284.25,280.46,554684.87,0,0.0,554684.87,342.17,0,23164.96
2021-05-25,287.0,281.59,554684.87,0,0.0,554684.87,342.17,0,23164.96
2021-05-26,288.49,284.99,554684.87,0,0.0,554684.87,342.17,0,23164.96
2021-05-27,291.78,285.3,554684.87,0,0.0,554684.87,342.17,0,23164.96
2021-05-28,293.26,288.77,554684.87,0,0.0,554684.87,342.17,0,23164.96
2021-05-31,294.15,290.04,554684.87,0,0.0,554684.87,342.17,0,23164.96
2021-06-01,295.5,292.9,554684.87,0,0.0,554684.87,342.17,0,23164.96
2021-06-02,295.71,293.01,554684.87,0,0.0,554684.87,342.17,0,23164.96
2021-06-03,296.22,291.15,554684.87,0,0.0,554684.87,342.17,0,23164.96
2021-06-04,293.15,288.99,554684.87,0,0.0,554684.87,342.17,0,23164.96
2021-06-07,295.46,290.53,554684.87,0,0.0,554684.87,342.17,0,23164.96
2021-06-08,295.3,292.32,554684.87,0,0.0,554684.87,342.17,0,23164.96
2021-06-09,295.0,292.21,554684.87,0,0.0,554684.87,342.17,0,23164.96
2021-06-10,295.39,292.8,554684.87,0,0.0,554684.87,342.17,0,23164.96
2021-06-11,294.35,292.03,554684.87,0,0.0,554684.87,342.17,0,23164.96
2021-06-14,293.5,290.84,554684.87,0,0.0,554684.87,342.17,0,23164.96
2021-06-15,293.78,291.3,554684.87,0,0.0,554684.87,342.17,0,23164.96
2021-06-16,293.1,289.52,554684.87,0,0.0,554684.87,342.17,0,23164.96
2021-06-17,292.85,289.82,554684.87,0,0.0,554684.87,342.17,0,23164.96
2021-06-18,291.36,285.11,554684.87,0,0.0,554684.87,342.17,0,23164.96
2021-06-21,286.74,283.56,554684.87,0,0.0,554684.87,342.17,0,23164.96
2021-06-22,288.05,284.75,554684.87,0,0.0,554684.87,342.17,0,23164.96
2021-06-23,289.22,285.57,554684.87,0,0.0,554684.87,342.17,0,23164.96
2021-06-24,287.8,285.15,554684.87,0,0.0,554684.87,342.17,0,23164.96
2021-06-25,287.61,285.63,554684.87,0,0.0,554684.87,342.17,0,23164.96
2021-06-28,287.34,283.94,554684.87,0,0.0,554684.87,342.17,0,23164.96
2021-06-29,283.79,278.7,554684.87,0,0.0,554684.87,342.17,0,23164.96
2021-06-30,282.62,279.61,554684.87,0,0.0,554684.87,342.17,0,23164.96
2021-07-01,282.86,280.0,554684.87,0,0.0,554684.87,342.17,0,23164.96
2021-07-02,283.6,280.2,554684.87,0,0.0,554684.87,342.17,0,23164.96
2021-07-05,283.56,281.0,554684.87,0,0.0,554684.87,342.17,0,23164.96
2021-07-06,283.02,279.51,554684.87,0,0.0,554684.87,342.17,0,23164.96
2021-07-07,282.85,280.23,554684.87,0,0.0,554684.87,342.17,0,23164.96
2021-07-08,282.0,278.45,554684.87,0,0.0,554684.87,342.17,0,23164.96
2021-07-09,281.76,279.4,554684.87,0,0.0,554684.87,342.17,0,23164.96
2021-07-12,284.84,279.53,554684.87,0,0.0,554684.87,342.17,0,23164.96
2021-07-13,285.49,280.12,554684.87,0,0.0,554684.87,342.17,0,23164.96
2021-07-14,282.36,278.98,554684.87,0,0.0,554684.87,342.17,0,23164.96
2021-07-15,281.39,277.86,554684.87,0,0.0,554684.87,342.17,0,23164.96
2021-07-16,282.9,277.55,554684.87,0,0.0,554684.87,342.17,0,23164.96
2021-07-19,277.08,270.4,554684.87,0,0.0,554684.87,342.17,0,23164.96
2021-07-20,277.49,273.0,554684.87,0,0.0,554684.87,342.17,0,23164.96
2021-07-21,278.58,274.71,554684.87,0,0.0,554684.87,342.17,0,23164.96
2021-07-22,278.9,275.35,554684.87,0,0.0,554684.87,342.17,0,23164.96
2021-07-23,280.25,276.52,554684.87,0,0.0,554684.87,342.17,0,23164.96
2021-07-26,284.97,275.12,554684.87,0,0.0,554684.87,342.17,0,23164.96
2021-07-27,285.48,281.4,554684.87,0,0.0,554684.87,342.17,0,23164.96
2021-07-28,283.7,281.51,554684.87,0,0.0,554684.87,342.17,0,23164.96
2021-07-29,285.85,283.19,554684.87,0,0.0,554684.87,342.17,0,23164.96
2021-07-30,289.67,283.38,554684.87,0,0.0,554684.87,342.17,0,23164.96
2021-08-02,290.75,285.42,554684.87,0,0.0,554684.87,342.17,0,23164.96
2021-08-03,291.8,286.92,554684.87,0,0.0,554684.87,342.17,0,23164.96
2021-08-04,293.44,290.21,554684.87,0,0.0,554684.87,342.17,0,23164.96
2021-08-05,294.9,290.24,554684.87,0,0.0,554684.87,342.17,0,23164.96
2021-08-06,297.93,294.03,554684.87,0,0.0,554684.87,342.17,0,23164.96
2021-08-09,301.84,294.58,554684.87,0,0.0,554684.87,342.17,0,23164.96
2021-08-10,305.37,301.38,554684.87,0,0.0,554684.87,342.17,0,23164.96
2021-08-11,306.34,301.09,554684.87,0,0.0,554684.87,342.17,0,23164.96
2021-08-12,304.99,302.3,554684.87,0,0.0,554684.87,342.17,0,23164.96
2021-08-13,304.25,302.4,554684.87,0,0.0,554684.87,342.17,0,23164.96
2021-08-16,304.7,302.0,554684.87,0,0.0,554684.87,342.17,0,23164.96
2021-08-17,310.0,303.37,554684.87,0,0.0,554684.87,342.17,0,23164.96
2021-08-18,312.58,307.82,554684.87,0,0.0,554684.87,342.17,0,23164.96
2021-08-19,309.68,304.2,554684.87,0,0.0,554684.87,342.17,0,23164.96
2021-08-20,309.75,303.22,554684.87,0,0.0,554684.87,342.17,0,23164.96
2021-08-23,307.64,304.51,554684.87,0,0.0,554684.87,342.17,0,23164.96
2021-08-24,308.03,302.2,554684.87,0,0.0,554684.87,342.17,0,23164.96
2021-08-25,304.19,300.3,554684.87,0,0.0,554684.87,342.17,0,23164.96
2021-08-26,304.4,301.36,554684.87,0,0.0,554684.87,342.17,0,23164.96
2021-08-27,307.8,302.54,554684.87,0,0.0,554684.87,342.17,0,23164.96
2021-08-30,310.22,307.12,554684.87,0,0.0,554684.87,342.17,0,23164.96
2021-08-31,311.0,308.06,554684.87,0,0.0,554684.87,342.17,0,23164.96
2021-09-01,313.56,308.0,554684.87,0,0.0,554684.87,342.17,0,23164.96
2021-09-02,314.34,309.24,554684.87,0,0.0,554684.87,342.17,0,23164.96
2021-09-03,310.56,307.0,554684.87,0,0.0,554684.87,342.17,0,23164.96
2021-09-06,311.44,308.91,554684.87,0,0.0,554684.87,342.17,0,23164.96
2021-09-07,311.59,306.54,554684.87,0,0.0,554684.87,342.17,0,23164.96
2021-09-08,314.17,305.0,554684.87,0,0.0,554684.87,342.17,0,23164.96
2021-09-09,312.99,308.69,554684.87,0,0.0,554684.87,342.17,0,23164.96
2021-09-10,310.58,308.38,554684.87,0,0.0,554684.87,342.17,0,23164.96
2021-09-13,310.93,307.61,554684.87,0,0.0,554684.87,342.17,0,23164.96
2021-09-14,311.62,308.58,554684.87,0,0.0,554684.87,342.17,0,23164.96
2021-09-15,316.74,310.0,554684.87,0,0.0,554684.87,342.17,0,23164.96
2021-09-16,317.49,307.61,554684.87,0,0.0,554684.87,342.17,0,23164.96
2021-09-17,313.47,308.27,554684.87,0,0.0,554684.87,342.17,0,23164.96
2021-09-20,310.78,307.87,554684.87,0,0.0,554684.87,342.17,0,23164.96
2021-09-21,310.65,305.8,554684.87,0,0.0,554684.87,342.17,0,23164.96
2021-09-22,311.32,306.26,554684.87,0,0.0,554684.87,342.17,0,23164.96
2021-09-23,312.7,308.0,554684.87,0,0.0,554684.87,342.17,0,23164.96
2021-09-24,310.32,307.26,554684.87,0,0.0,554684.87,342.17,0,23164.96
2021-09-27,314.0,309.46,554684.87,0,0.0,554684.87,342.17,0,23164.96
2021-09-28,315.2,309.14,554684.87,0,0.0,554684.87,342.17,0,23164.96
2021-09-29,311.37,308.32,554684.87,0,0.0,554684.87,342.17,0,23164.96
2021-09-30,320.17,310.18,554684.87,0,0.0,554684.87,342.17,0,23164.96
2021-10-01,317.73,314.33,554684.87,0,0.0,554684.87,342.17,0,23164.96
2021-10-04,322.79,313.83,554684.87,0,0.0,554684.87,342.17,0,23164.96
2021-10-05,334.33,316.66,554684.87,0,0.0,554684.87,342.17,0,23164.96
2021-10-06,345.92,331.2,554684.87,0,0.0,554684.87,342.17,0,23164.96
2021-10-07,343.63,336.5,554684.87,0,0.0,554684.87,342.17,0,23164.96
2021-10-08,344.39,338.51,554684.87,0,0.0,554684.87,342.17,0,23164.96
2021-10-11,357.0,345.73,554684.87,0,0.0,554684.87,342.17,0,23164.96
2021-10-12,356.21,346.5,554684.87,0,0.0,554684.87,342.17,0,23164.96
2021-10-13,347.98,340.22,554684.87,0,0.0,554684.87,342.17,0,23164.96
2021-10-14,351.3,342.91,554684.87,0,0.0,554684.87,342.17,0,23164.96
2021-10-15,347.83,339.33,554684.87,0,0.0,554684.87,342.17,0,23164.96
2021-10-18,339.67,331.62,554684.87,0,0.0,554684.87,342.17,0,23164.96
2021-10-19,339.94,330.42,554684.87,0,0.0,554684.87,342.17,0,23164.96
2021-10-20,339.97,334.3,554684.87,0,0.0,554684.87,342.17,0,23164.96
2021-10-21,338.58,332.23,554684.87,0,0.0,554684.87,342.17,0,23164.96
2021-10-22,338.88,332.36,554684.87,0,0.0,554684.87,342.17,0,23164.96
2021-10-25,339.69,331.0,554684.87,0,0.0,554684.87,342.17,0,23164.96
2021-10-26,339.84,334.0,554684.87,0,0.0,554684.87,342.17,0,23164.96
2021-10-27,338.7,334.05,554684.87,0,0.0,554684.87,342.17,0,23164.96
2021-10-28,338.33,327.25,554684.87,0,0.0,554684.87,342.17,0,23164.96
2021-10-29,329.0,319.6,554684.87,0,0.0,554684.87,342.17,0,23164.96
2021-11-01,332.99,322.59,554684.87,0,0.0,554684.87,342.17,0,23164.96
2021-11-02,334.73,328.6,554684.87,0,0.0,554684.87,342.17,0,23164.96
2021-11-03,335.4,327.96,554684.87,0,0.0,554684.87,342.17,0,23164.96
2021-11-05,333.5,325.9,554684.87,0,0.0,554684.87,342.17,0,23164.96
2021-11-08,330.47,323.37,554684.87,0,0.0,554684.87,342.17,0,23164.96
2021-11-09,330.18,324.15,554684.87,0,0.0,554684.87,342.17,0,23164.96
2021-11-10,327.85,318.4,554684.87,0,0.0,554684.87,342.17,0,23164.96
2021-11-11,325.4,317.22,554684.87,0,0.0,554684.87,342.17,0,23164.96
2021-11-12,325.1,310.65,554684.87,0,0.0,554684.87,342.17,0,23164.96
2021-11-15,320.95,313.68,554684.87,0,0.0,554684.87,342.17,0,23164.96
2021-11-16,317.12,308.28,554684.87,0,0.0,554684.87,342.17,0,23164.96
2021-11-17,314.39,309.12,554684.87,0,0.0,554684.87,342.17,0,23164.96
2021-11-18,313.5,306.0,554684.87,0,0.0,554684.87,342.17,0,23164.96
2021-11-19,311.76,299.0,554684.87,0,0.0,554684.87,342.17,0,23164.96
2021-11-22,301.0,285.9,554684.87,0,0.0,554684.87,342.17,0,23164.96
2021-11-23,304.0,280.37,554684.87,0,0.0,554684.87,342.17,0,23164.96
2021-11-24,306.91,295.44,554684.87,0,0.0,554684.87,342.17,0,23164.96
2021-11-25,300.7,294.5,554684.87,0,0.0,554684.87,342.17,0,23164.96
2021-11-26,291.54,284.63,554684.87,0,0.0,554684.87,342.17,0,23164.96
2021-11-29,299.13,289.6,554684.87,0,0.0,554684.87,342.17,0,23164.96
2021-11-30,294.51,288.2,554684.87,0,0.0,554684.87,342.17,0,23164.96
2021-12-01,300.75,294.71,554684.87,0,0.0,554684.87,342.17,0,23164.96
2021-12-02,299.96,293.3,554684.87,0,0.0,554684.87,342.17,0,23164.96
2021-12-03,299.85,293.5,554684.87,0,0.0,554684.87,342.17,0,23164.96
2021-12-06,299.06,284.02,554684.87,0,0.0,554684.87,342.17,0,23164.96
2021-12-07,291.25,281.38,554684.87,0,0.0,554684.87,342.17,0,23164.96
2021-12-08,295.74,275.36,554684.87,0,0.0,554684.87,342.17,0,23164.96
2021-12-09,283.78,277.01,554684.87,0,0.0,554684.87,342.17,0,23164.96
2021-12-10,283.5,276.75,554684.87,0,0.0,554684.87,342.17,0,23164.96
2021-12-13,282.8,265.05,554684.87,0,0.0,554684.87,342.17,0,23164.96
2021-12-14,270.29,248.02,554684.87,0,0.0,554684.87,342.17,0,23164.96
2021-12-15,272.72,265.52,554684.87,0,0.0,554684.87,342.17,0,23164.96
2021-12-16,281.75,272.16,554684.87,0,0.0,554684.87,342.17,0,23164.96
2021-12-17,279.49,275.22,554684.87,0,0.0,554684.87,342.17,0,23164.96
2021-12-20,277.77,270.57,554684.87,0,0.0,554684.87,342.17,0,23164.96
2021-12-21,277.88,271.6,554684.87,0,0.0,554684.87,342.17,0,23164.96
2021-12-22,279.6,273.57,554684.87,0,0.0,554684.87,342.17,0,23164.96
2021-12-23,279.79,275.22,554684.87,0,0.0,554684.87,342.17,0,23164.96
2021-12-24,277.84,273.13,554684.87,0,0.0,554684.87,342.17,0,23164.96
2021-12-27,278.9,275.01,554684.87,0,0.0,554684.87,342.17,0,23164.96
2021-12-28,280.9,278.1,554684.87,0,0.0,554684.87,342.17,0,23164.96
2021-12-29,279.52,275.61,554684.87,0,0.0,554684.87,342.17,0,23164.96
2021-12-30,279.97,275.66,554684.87,0,0.0,554684.87,342.17,0,23164.96
2022-01-03,289.79,279.13,554684.87,0,0.0,554684.87,342.17,0,23164.96
2022-01-04,293.0,286.02,554684.87,0,0.0,554684.87,342.17,0,23164.96
2022-01-05,288.94,274.17,554684.87,0,0.0,554684.87,342.17,0,23164.96
2022-01-06,280.96,272.37,554684.87,0,0.0,554684.87,342.17,0,23164.96
2022-01-10,283.5,274.5,554684.87,0,0.0,554684.87,342.17,0,23164.96
2022-01-11,278.78,275.1,554684.87,0,0.0,554684.87,342.17,0,23164.96
2022-01-12,279.44,272.11,554684.87,0,0.0,554684.87,342.17,0,23164.96
2022-01-13,276.0,260.0,554684.87,0,0.0,554684.87,342.17,0,23164.96
2022-01-14,268.89,241.03,554684.87,0,0.0,554684.87,342.17,0,23164.96
2022-01-17,256.49,240.0,554684.87,0,0.0,554684.87,342.17,0,23164.96
2022-01-18,251.66,223.0,554684.87,0,0.0,554684.87,342.17,0,23164.96
2022-01-19,242.65,216.51,554684.87,0,0.0,554684.87,342.17,0,23164.96
2022-01-20,250.72,232.14,554684.87,0,0.0,554684.87,342.17,0,23164.96
2022-01-21,249.6,238.29,554684.87,0,0.0,554684.87,342.17,0,23164.96
2022-01-24,241.8,220.0,554684.87,0,0.0,554684.87,342.17,0,23164.96
2022-01-25,236.34,223.21,554684.87,0,0.0,554684.87,342.17,0,23164.96
2022-01-26,237.31,226.88,554684.87,0,0.0,554684.87,342.17,0,23164.96
2022-01-27,249.21,227.31,554684.87,0,0.0,554684.87,342.17,0,23164.96
2022-01-28,252.0,243.04,554684.87,0,0.0,554684.87,342.17,0,23164.96
2022-01-31,256.1,245.9,554684.87,0,0.0,554684.87,342.17,0,23164.96
2022-02-01,258.86,249.56,554684.87,0,0.0,554684.87,342.17,0,23164.96
2022-02-02,254.1,245.25,554684.87,0,0.0,554684.87,342.17,0,23164.96
2022-02-03,249.65,239.48,554684.87,0,0.0,554684.87,342.17,0,23164.96
2022-02-04,247.57,240.52,554684.87,0,0.0,554684.87,342.17,0,23164.96
2022-02-07,248.3,242.11,554684.87,0,0.0,554684.87,342.17,0,23164.96
2022-02-08,255.98,244.67,554684.87,0,0.0,554684.87,342.17,0,23164.96
2022-02-09,265.8,256.37,554684.87,0,0.0,554684.87,342.17,0,23164.96
2022-02-10,267.28,258.41,554684.87,0,0.0,554684.87,342.17,0,23164.96
2022-02-11,261.79,249.2,554684.87,0,0.0,554684.87,342.17,0,23164.96
2022-02-14,249.0,237.11,554684.87,0,0.0,554684.87,342.17,0,23164.96
2022-02-15,258.88,246.02,554684.87,0,0.0,554684.87,342.17,0,23164.96
2022-02-16,266.0,259.45,554684.87,0,0.0,554684.87,342.17,0,23164.96
2022-02-17,261.98,248.4,554684.87,0,0.0,554684.87,342.17,0,23164.96
2022-02-18,255.55,235.0,554684.87,0,0.0,554684.87,342.17,0,23164.96
2022-02-21,247.07,180.2,554684.87,0,0.0,554684.87,342.17,0,23164.96
2022-02-22,211.56,176.0,554684.87,0,0.0,554684.87,342.17,0,23164.96
2022-02-24,183.53,101.0,50.82,3340,440880.0,440930.82,536.22,0,23164.96
2022-02-25,159.87,115.0,50.82,3340,438542.0,438592.82,536.22,0,23164.96
2022-03-24,157.95,130.0,50.82,3340,452236.0,452286.82,536.22,0,23164.96
2022-03-25,148.0,130.0,50.82,3340,437540.0,437590.82,536.22,0,23164.96
2022-03-28,132.43,125.0,50.82,3340,423979.6,424030.42,536.22,0,23164.96
2022-03-29,143.9,123.05,50.82,3340,436872.0,436922.82,536.22,0,23164.96
2022-03-30,141.7,132.3,50.82,3340,452570.0,452620.82,536.22,0,23164.96
2022-03-31,147.0,136.1,50.82,3340,487306.0,487356.82,536.22,0,23164.96
2022-04-01,162.0,146.41,50.82,3340,531060.0,531110.82,536.22,0,23164.96
2022-04-04,174.8,159.0,50.82,3340,579323.0,579373.82,536.22,0,23164.96
2022-04-05,178.0,149.5,50.82,3340,534366.6,534417.42,536.22,0,23164.96
2022-04-06,158.39,145.5,50.82,3340,500298.6,500349.42,536.22,0,23164.96
2022-04-07,155.47,148.5,50.82,3340,510018.0,510068.82,536.22,0,23164.96
2022-04-08,154.39,147.4,50.82,3340,497626.6,497677.42,536.22,0,23164.96
2022-04-11,151.0,142.0,50.82,3340,479557.2,479608.02,536.22,0,23164.96
2022-04-12,144.24,135.0,50.82,3340,465930.0,465980.82,536.22,0,23164.96
2022-04-13,143.0,137.11,50.82,3340,467566.6,467617.42,536.22,0,23164.96
2022-04-14,142.0,133.0,50.82,3340,444220.0,444270.82,536.22,0,23164.96
2022-04-15,135.9,128.0,50.82,3340,443886.0,443936.82,536.22,0,23164.96
2022-04-18,139.25,128.32,50.82,3340,429357.0,429407.82,536.22,0,23164.96
2022-04-19,129.67,118.8,50.82,3340,419170.0,419220.82,536.22,0,23164.96
2022-04-20,129.35,121.63,50.82,3340,417667.0,417717.82,536.22,0,23164.96
2022-04-21,126.88,122.6,50.82,3340,411220.8,411271.62,536.22,0,23164.96
2022-04-22,126.1,121.47,50.82,3340,411721.8,411772.62,536.22,0,23164.96
2022-04-25,123.27,118.05,50.82,3340,395823.4,395874.22,536.22,0,23164.96
2022-04-26,128.88,117.0,50.82,3340,419003.0,419053.82,536.22,0,23164.96
2022-04-27,134.5,124.51,50.82,3340,447560.0,447610.82,536.22,0,23164.96
2022-04-28,136.88,126.5,50.82,3340,422510.0,422560.82,536.22,0,23164.96
2022-04-29,131.0,126.1,50.82,3340,435536.0,435586.82,536.22,0,23164.96
2022-05-04,132.23,124.28,50.82,3340,416832.0,416882.82,536.22,0,23164.96
2022-05-05,126.87,125.0,50.82,3340,419069.8,419120.62,536.22,0,23164.96
2022-05-06,125.47,123.0,50.82,3340,414828.0,414878.82,536.22,0,23164.96
2022-05-11,126.41,120.9,50.82,3340,404507.4,404558.22,536.22,0,23164.96
2022-05-12,121.9,115.6,50.82,3340,389444.0,389494.82,536.22,0,23164.96
2022-05-13,117.93,115.33,50.82,3340,389778.0,389828.82,536.22,0,23164.96
2022-05-16,119.89,116.0,50.82,3340,400265.6,400316.42,536.22,0,23164.96
2022-05-17,124.0,120.05,50.82,3340,413492.0,413542.82,536.22,0,23164.96
2022-05-18,127.3,122.1,50.82,3340,408582.2,408633.02,536.22,0,23164.96
2022-05-19,123.47,120.3,50.82,3340,410185.4,410236.22,536.22,0,23164.96
2022-05-20,124.7,118.38,50.82,3340,400599.6,400650.42,536.22,0,23164.96
2022-05-23,119.14,117.0,50.82,3340,390947.0,390997.82,536.22,0,23164.96
2022-05-24,121.72,115.0,50.82,3340,396591.6,396642.42,536.22,0,23164.96
2022-05-25,121.02,114.69,50.82,3340,387406.6,387457.42,536.22,0,23164.96
2022-05-26,117.63,113.49,50.82,3340,379925.0,379975.82,536.22,0,23164.96
2022-05-27,114.34,111.38,50.82,3340,372677.2,372728.02,536.22,0,23164.96
2022-05-30,113.65,111.2,50.82,3340,373545.6,373596.42,536.22,0,23164.96
2022-05-31,112.69,109.08,50.82,3340,372777.4,372828.22,536.22,0,23164.96
2022-06-01,114.5,111.68,50.82,3340,378054.6,378105.42,536.22,0,23164.96
2022-06-02,114.25,111.8,50.82,3340,374447.4,374498.22,536.22,0,23164.96
2022-06-03,113.15,110.55,50.82,3340,374146.8,374197.62,536.22,0,23164.96
2022-06-06,113.82,111.63,50.82,3340,379758.0,379808.82,536.22,0,23164.96
2022-06-07,113.8,112.3,50.82,3340,377420.0,377470.82,536.22,0,23164.96
2022-06-08,117.48,112.1,50.82,3340,384567.6,384618.42,536.22,0,23164.96
2022-06-09,115.6,112.75,50.82,3340,380559.6,380610.42,536.22,0,23164.96
2022-06-10,115.3,113.63,50.82,3340,381094.0,381144.82,536.22,0,23164.96
2022-06-14,115.45,110.0,50.82,3340,382396.6,382447.42,536.22,0,23164.96
2022-06-15,118.0,114.76,50.82,3340,389143.4,389194.22,536.22,0,23164.96
2022-06-16,118.0,116.0,50.82,3340,392082.6,392133.42,536.22,0,23164.96
2022-06-17,119.08,117.52,50.82,3340,395456.0,395506.82,536.22,0,23164.96
2022-06-20,124.9,118.32,50.82,3340,416965.6,417016.42,536.22,0,23164.96
2022-06-21,126.95,122.01,50.82,3340,411822.0,411872.82,536.22,0,23164.96
2022-06-22,127.8,121.03,50.82,3340,426852.0,426902.82,536.22,0,23164.96
2022-06-23,132.1,125.7,50.82,3340,435870.0,435920.82,536.22,0,23164.96
2022-06-24,131.66,128.11,50.82,3340,434801.2,434852.02,536.22,0,23164.96
2022-06-27,134.35,129.9,50.82,3340,448228.0,448278.82,536.22,0,23164.96
2022-06-28,134.97,132.17,50.82,3340,445422.4,445473.22,536.22,0,23164.96
2022-06-29,133.39,127.79,50.82,3340,427486.6,427537.42,536.22,0,23164.96
2022-06-30,129.92,119.12,50.82,3340,404841.4,404892.22,536.22,0,23164.96
2022-07-01,127.85,118.59,50.82,3340,422510.0,422560.82,536.22,0,23164.96
2022-07-04,128.73,123.3,50.82,3340,424180.0,424230.82,536.22,0,23164.96
2022-07-05,129.65,126.11,50.82,3340,426818.6,426869.42,536.22,0,23164.96
2022-07-06,130.76,126.0,50.82,3340,424180.0,424230.82,536.22,0,23164.96
2022-07-07,128.49,125.22,50.82,3340,421508.0,421558.82,536.22,0,23164.96
2022-07-08,126.99,124.44,50.82,3340,422510.0,422560.82,536.22,0,23164.96
2022-07-11,127.18,121.5,50.82,3340,407446.6,407497.42,536.22,0,23164.96
2022-07-12,123.2,118.99,50.82,3340,409717.8,409768.62,536.22,0,23164.96
2022-07-13,123.5,119.41,50.82,3340,402002.4,402053.22,536.22,0,23164.96
2022-07-14,121.84,118.2,50.82,3340,402436.6,402487.42,536.22,0,23164.96
2022-07-15,123.5,119.27,50.82,3340,410686.4,410737.22,536.22,0,23164.96
2022-07-18,124.31,121.01,50.82,3340,408782.6,408833.42,536.22,0,23164.96
2022-07-19,122.95,119.52,50.82,3340,405442.6,405493.42,536.22,0,23164.96
2022-07-20,122.3,120.05,50.82,3340,401735.2,401786.02,536.22,0,23164.96
2022-07-21,120.47,117.0,50.82,3340,399130.0,399180.82,536.22,0,23164.96
2022-07-22,123.0,119.21,50.82,3340,410753.2,410804.02,536.22,0,23164.96
2022-07-25,125.95,121.29,50.82,3340,417500.0,417550.82,536.22,0,23164.96
2022-07-26,127.19,125.01,50.82,3340,421808.6,421859.42,536.22,0,23164.96
2022-07-27,127.75,125.01,50.82,3340,420840.0,420890.82,536.22,0,23164.96
2022-07-28,126.69,124.0,50.82,3340,418401.8,418452.62,536.22,0,23164.96
2022-07-29,126.0,124.13,50.82,3340,419337.0,419387.82,536.22,0,23164.96
2022-08-01,125.55,122.06,50.82,3340,407680.4,407731.22,536.22,0,23164.96
2022-08-02,122.75,120.35,50.82,3340,407480.0,407530.82,536.22,0,23164.96
2022-08-03,123.38,121.1,50.82,3340,405041.8,405092.62,536.22,0,23164.96
2022-08-04,122.18,120.82,50.82,3340,405375.8,405426.62,536.22,0,23164.96
2022-08-05,121.77,116.23,50.82,3340,390780.0,390830.82,536.22,0,23164.96
2022-08-08,120.46,118.0,50.82,3340,397159.4,397210.22,536.22,0,23164.96
2022-08-09,120.3,117.51,50.82,3340,400967.0,401017.82,536.22,0,23164.96
2022-08-10,120.99,118.86,50.82,3340,400065.2,400116.02,536.22,0,23164.96
2022-08-11,120.71,117.8,50.82,3340,394120.0,394170.82,536.22,0,23164.96
2022-08-12,119.35,117.0,50.82,3340,397760.6,397811.42,536.22,0,23164.96
2022-08-15,119.72,118.31,50.82,3340,397894.2,397945.02,536.22,0,23164.96
2022-08-16,121.1,119.02,50.82,3340,402804.0,402854.82,536.22,0,23164.96
2022-08-17,121.51,119.8,50.82,3340,400633.0,400683.82,536.22,0,23164.96
2022-08-18,121.93,119.31,50.82,3340,406578.2,406629.02,536.22,0,23164.96
2022-08-19,121.65,120.3,50.82,3340,402971.0,403021.82,536.22,0,23164.96
2022-08-22,121.9,120.22,50.82,3340,405442.6,405493.42,536.22,0,23164.96
2022-08-23,125.49,121.45,50.82,3340,418802.6,418853.42,536.22,0,23164.96
2022-08-24,126.4,123.05,50.82,3340,411387.8,411438.62,536.22,0,23164.96
2022-08-25,124.6,122.13,50.82,3340,412156.0,412206.82,536.22,0,23164.96
2022-08-26,125.4,122.83,50.82,3340,417433.2,417484.02,536.22,0,23164.96
2022-08-29,125.79,124.25,50.82,3340,418168.0,418218.82,536.22,0,23164.96
2022-08-30,126.55,124.05,50.82,3340,416164.0,416214.82,536.22,0,23164.96
2022-08-31,131.81,125.8,50.82,3340,428588.8,428639.62,536.22,0,23164.96
2022-09-01,132.0,126.75,50.82,3340,440880.0,440930.82,536.22,0,23164.96
2022-09-02,136.55,130.2,50.82,3340,453906.0,453956.82,536.22,0,23164.96
2022-09-05,137.11,132.01,50.82,3340,448896.0,448946.82,536.22,0,23164.96
2022-09-06,134.4,128.8,50.82,3340,434600.8,434651.62,536.22,0,23164.96
2022-09-07,131.37,128.38,50.82,3340,431394.4,431445.22,536.22,0,23164.96
2022-09-08,129.65,127.05,50.82,3340,426852.0,426902.82,536.22,0,23164.96
2022-09-09,131.5,127.61,50.82,3340,437473.2,437524.02,536.22,0,23164.96
2022-09-12,133.0,129.68,50.82,3340,439343.6,439394.42,536.22,0,23164.96
2022-09-13,132.3,129.68,50.82,3340,434600.8,434651.62,536.22,0,23164.96
2022-09-14,131.96,128.5,50.82,3340,438876.0,438926.82,536.22,0,23164.96
2022-09-15,132.78,130.16,50.82,3340,441180.6,441231.42,536.22,0,23164.96
2022-09-16,133.22,129.93,50.82,3340,435936.8,435987.62,536.22,0,23164.96
2022-09-19,131.48,129.33,50.82,3340,435101.8,435152.62,536.22,0,23164.96
2022-09-20,130.97,118.32,50.82,3340,405643.0,405693.82,536.22,0,23164.96
2022-09-21,119.37,109.49,50.82,3340,387840.8,387891.62,536.22,0,23164.96
2022-09-22,121.82,115.77,50.82,3340,398228.2,398279.02,536.22,0,23164.96
2022-09-23,120.01,112.52,50.82,3340,382329.8,382380.62,536.22,0,23164.96
2022-09-26,113.0,102.0,50.82,3340,347660.6,347711.42,536.22,0,23164.96
2022-09-27,109.5,104.0,50.82,3340,362423.4,362474.22,536.22,0,23164.96
2022-09-28,110.8,104.65,50.82,3340,356077.4,356128.22,536.22,0,23164.96
2022-09-29,107.91,102.19,50.82,3340,351468.2,351519.02,536.22,0,23164.96
2022-09-30,108.3,100.0,50.82,3340,352904.4,352955.22,536.22,0,23164.96
2022-10-03,109.96,105.19,50.82,3340,365897.0,365947.82,536.22,0,23164.96
2022-10-04,110.45,106.61,50.82,3340,357680.6,357731.42,536.22,0,23164.96
2022-10-05,107.2,103.16,50.82,3340,350199.0,350249.82,536.22,0,23164.96
2022-10-06,106.5,104.45,50.82,3340,351768.8,351819.62,536.22,0,23164.96
2022-10-07,105.22,98.5,50.82,3340,331762.2,331813.02,536.22,0,23164.96
2022-10-10,103.49,94.5,50.82,3340,344688.0,344738.82,536.22,0,23164.96
2022-10-11,104.19,100.38,50.82,3340,346358.0,346408.82,536.22,0,23164.96
2022-10-12,104.43,102.43,50.82,3340,343719.4,343770.22,536.22,0,23164.96
2022-10-13,103.5,102.1,50.82,3340,344253.8,344304.62,536.22,0,23164.96
2022-10-14,104.56,102.0,50.82,3340,346458.2,346509.02,536.22,0,23164.96
2022-10-17,108.68,103.9,50.82,3340,361722.0,361772.82,536.22,0,23164.96
2022-10-18,109.39,106.16,50.82,3340,355476.2,355527.02,536.22,0,23164.96
2022-10-19,108.1,105.01,50.82,3340,358716.0,358766.82,536.22,0,23164.96
2022-10-20,110.97,107.37,50.82,3340,369003.2,369054.02,536.22,0,23164.96
2022-10-21,113.83,108.53,50.82,3340,379758.0,379808.82,536.22,0,23164.96
2022-10-24,115.4,112.0,50.82,3340,378589.0,378639.82,536.22,0,23164.96
2022-10-25,119.55,112.7,50.82,3340,394821.4,394872.22,536.22,0,23164.96
2022-10-26,120.5,116.0,50.82,3340,395456.0,395506.82,536.22,0,23164.96
2022-10-27,121.5,117.66,50.82,3340,402035.8,402086.62,536.22,0,23164.96
2022-10-28,121.9,119.0,50.82,3340,405409.2,405460.02,536.22,0,23164.96
2022-10-31,122.3,119.66,50.82,3340,402670.4,402721.22,536.22,0,23164.96
2022-11-01,121.68,120.26,50.82,3340,403806.0,403856.82,536.22,0,23164.96
2022-11-02,121.64,118.55,50.82,3340,399130.0,399180.82,536.22,0,23164.96
2022-11-03,120.41,117.76,50.82,3340,398395.2,398446.02,536.22,0,23164.96
2022-11-07,125.9,120.2,50.82,3340,418836.0,418886.82,536.22,0,23164.96
2022-11-08,126.47,123.19,50.82,3340,417232.8,417283.62,536.22,0,23164.96
2022-11-09,125.05,120.66,50.82,3340,406144.0,406194.82,536.22,0,23164.96
2022-11-10,130.49,123.9,50.82,3340,435569.4,435620.22,536.22,0,23164.96
2022-11-11,132.1,129.17,50.82,3340,437540.0,437590.82,536.22,0,23164.96
2022-11-14,134.61,130.13,50.82,3340,449230.0,449280.82,536.22,0,23164.96
2022-11-15,135.4,125.86,50.82,3340,436237.4,436288.22,536.22,0,23164.96
2022-11-16,134.42,131.83,50.82,3340,448662.2,448713.02,536.22,0,23164.96
2022-11-17,135.33,132.12,50.82,3340,445389.0,445439.82,536.22,0,23164.96
2022-11-18,133.46,131.5,50.82,3340,443084.4,443135.22,536.22,0,23164.96
2022-11-21,131.95,128.54,50.82,3340,435369.0,435419.82,536.22,0,23164.96
2022-11-22,131.45,129.8,50.82,3340,438809.2,438860.02,536.22,0,23164.96
2022-11-23,132.0,130.1,50.82,3340,438876.0,438926.82,536.22,0,23164.96
2022-11-24,132.61,130.96,50.82,3340,438742.4,438793.22,536.22,0,23164.96
2022-11-25,131.78,130.2,50.82,3340,438174.6,438225.42,536.22,0,23164.96
2022-11-28,130.82,129.48,50.82,3340,435636.2,435687.02,536.22,0,23164.96
2022-11-29,131.59,130.55,50.82,3340,438174.6,438225.42,536.22,0,23164.96
2022-11-30,131.55,130.4,50.82,3340,439343.6,439394.42,536.22,0,23164.96
2022-12-01,132.45,130.59,50.82,3340,440078.4,440129.22,536.22,0,23164.96
2022-12-02,131.99,130.88,50.82,3340,438842.6,438893.42,536.22,0,23164.96
2022-12-05,136.66,130.74,50.82,3340,455576.0,455626.82,536.22,0,23164.96
2022-12-06,137.58,134.12,50.82,3340,452904.0,452954.82,536.22,0,23164.96
2022-12-07,137.98,134.14,50.82,3340,459216.6,459267.42,536.22,0,23164.96
2022-12-08,138.88,135.73,50.82,3340,454440.4,454491.22,536.22,0,23164.96
2022-12-09,136.9,135.37,50.82,3340,454674.2,454725.02,536.22,0,23164.96
2022-12-12,136.84,135.5,50.82,3340,454073.0,454123.82,536.22,0,23164.96
2022-12-13,136.12,134.36,50.82,3340,452403.0,452453.82,536.22,0,23164.96
2022-12-14,135.74,134.21,50.82,3340,449864.6,449915.42,536.22,0,23164.96
2022-12-15,134.53,131.0,50.82,3340,437874.0,437924.82,536.22,0,23164.96
2022-12-16,133.15,130.44,50.82,3340,444220.0,444270.82,536.22,0,23164.96
2022-12-19,133.69,129.98,50.82,3340,441848.6,441899.42,536.22,0,23164.96
2022-12-20,135.9,131.9,50.82,3340,453137.8,453188.62,536.22,0,23164.96
2022-12-21,136.51,134.06,50.82,3340,451668.2,451719.02,536.22,0,23164.96
2022-12-22,136.56,134.97,50.82,3340,452837.2,452888.02,536.22,0,23164.96
2022-12-23,136.47,134.78,50.82,3340,453371.6,453422.42,536.22,0,23164.96
2022-12-26,138.29,135.56,50.82,3340,461187.2,461238.02,536.22,0,23164.96
2022-12-27,139.0,137.27,50.82,3340,459918.0,459968.82,536.22,0,23164.96
2022-12-28,138.2,137.3,50.82,3340,459918.0,459968.82,536.22,0,23164.96
2022-12-29,140.88,137.55,50.82,3340,466798.4,466849.22,536.22,0,23164.96
2022-12-30,141.29,139.61,50.82,3340,470906.6,470957.42,536.22,0,23164.96
2023-01-03,143.11,141.01,50.82,3340,472376.2,472427.02,536.22,0,23164.96
2023-01-04,142.07,140.63,50.82,3340,470873.2,470924.02,536.22,0,23164.96
2023-01-05,141.18,140.2,50.82,3340,469537.2,469588.02,536.22,0,23164.96
2023-01-06,140.72,139.8,50.82,3340,468000.8,468051.62,536.22,0,23164.96
2023-01-09,142.41,140.5,50.82,3340,474246.6,474297.42,536.22,0,23164.96
2023-01-10,142.0,140.62,50.82,3340,474113.0,474163.82,536.22,0,23164.96
2023-01-11,148.99,141.93,50.82,3340,496724.8,496775.62,536.22,0,23164.96
2023-01-12,149.31,147.14,50.82,3340,495522.4,495573.22,536.22,0,23164.96
2023-01-13,151.6,147.39,50.82,3340,503972.6,504023.42,536.22,0,23164.96
2023-01-16,153.29,151.36,50.82,3340,510185.0,510235.82,536.22,0,23164.96
2023-01-17,153.15,148.56,50.82,3340,499697.4,499748.22,536.22,0,23164.96
2023-01-18,152.18,148.72,50.82,3340,504640.6,504691.42,536.22,0,23164.96
2023-01-19,151.5,148.5,50.82,3340,497459.6,497510.42,536.22,0,23164.96
2023-01-20,150.0,148.3,50.82,3340,501000.0,501050.82,536.22,0,23164.96
2023-01-23,152.0,149.64,50.82,3340,505408.8,505459.62,536.22,0,23164.96
2023-01-24,152.5,150.06,50.82,3340,501801.6,501852.42,536.22,0,23164.96
2023-01-25,151.0,149.68,50.82,3340,502536.4,502587.22,536.22,0,23164.96
2023-01-26,151.1,149.91,50.82,3340,501768.2,501819.02,536.22,0,23164.96
2023-01-27,151.0,150.0,50.82,3340,502837.0,502887.82,536.22,0,23164.96
2023-01-30,151.34,150.14,50.82,3340,503638.6,503689.42,536.22,0,23164.96
2023-01-31,155.5,150.55,50.82,3340,519269.8,519320.62,536.22,0,23164.96
2023-02-01,157.0,154.49,50.82,3340,522776.8,522827.62,536.22,0,23164.96
2023-02-02,158.72,155.5,50.82,3340,527953.8,528004.62,536.22,0,23164.96
2023-02-03,161.28,157.0,50.82,3340,535869.6,535920.42,536.22,0,23164.96
2023-02-06,165.95,160.62,50.82,3340,554005.8,554056.62,536.22,0,23164.96
2023-02-07,169.5,161.02,50.82,3340,548261.0,548311.82,536.22,0,23164.96
2023-02-08,165.07,161.24,50.82,3340,544553.6,544604.42,536.22,0,23164.96
2023-02-09,165.63,160.8,50.82,3340,549029.2,549080.02,536.22,0,23164.96
2023-02-10,164.95,163.5,50.82,3340,548862.2,548913.02,536.22,0,23164.96
2023-02-13,165.3,163.32,50.82,3340,545956.4,546007.22,536.22,0,23164.96
2023-02-14,163.47,160.21,50.82,3340,537272.4,537323.22,536.22,0,23164.96
2023-02-15,160.01,151.74,50.82,3340,519036.0,519086.82,536.22,0,23164.96
2023-02-16,158.46,155.29,50.82,3340,525215.0,525265.82,536.22,0,23164.96
2023-02-17,158.8,155.0,50.82,3340,527619.8,527670.62,536.22,0,23164.96
2023-02-20,158.73,155.08,50.82,3340,526751.4,526802.22,536.22,0,23164.96
2023-02-21,164.0,157.77,50.82,3340,542549.6,542600.42,536.22,0,23164.96
2023-02-22,162.8,160.61,50.82,3340,540245.0,540295.82,536.22,0,23164.96
2023-02-24,163.69,161.26,50.82,3340,544620.4,544671.22,536.22,0,23164.96
2023-02-27,167.73,161.75,50.82,3340,560017.8,560068.62,536.22,0,23164.96
2023-02-28,169.35,166.69,50.82,3340,560218.2,560269.02,536.22,0,23164.96
2023-03-01,169.2,167.71,50.82,3340,564426.6,564477.42,536.22,0,23164.96
2023-03-02,168.95,163.5,50.82,3340,554139.4,554190.22,536.22,0,23164.96
2023-03-03,168.71,165.91,50.82,3340,563491.4,563542.22,536.22,0,23164.96
2023-03-06,171.12,169.4,50.82,3340,569102.6,569153.42,536.22,0,23164.96
2023-03-07,172.74,169.73,50.82,3340,576150.0,576200.82,536.22,0,23164.96
2023-03-09,173.85,171.0,50.82,3340,572709.8,572760.62,536.22,0,23164.96
2023-03-10,172.22,169.37,50.82,3340,574146.0,574196.82,536.22,0,23164.96
2023-03-13,172.7,168.08,50.82,3340,568701.8,568752.62,536.22,0,23164.96
2023-03-14,174.75,169.43,50.82,3340,581193.4,581244.22,536.22,0,23164.96
2023-03-15,175.37,172.0,50.82,3340,577953.6,578004.42,536.22,0,23164.96
2023-03-16,174.02,171.35,50.82,3340,581160.0,581210.82,536.22,0,23164.96
2023-03-17,193.64,177.0,50.82,3340,645288.0,645338.82,536.22,0,23164.96
2023-03-20,205.0,195.71,50.82,3340,680859.0,680909.82,536.22,0,23164.96
2023-03-21,208.13,201.3,50.82,3340,679356.0,679406.82,536.22,0,23164.96
2023-03-22,204.43,201.8,50.82,3340,678788.2,678839.02,536.22,0,23164.96
2023-03-23,204.11,202.62,50.82,3340,678454.2,678505.02,536.22,0,23164.96
2023-03-24,203.87,202.4,50.82,3340,680291.2,680342.02,536.22,0,23164.96
2023-03-27,213.49,203.83,50.82,3340,707879.6,707930.42,536.22,0,23164.96
2023-03-28,215.4,210.4,50.82,3340,714426.0,714476.82,536.22,0,23164.96
2023-03-29,218.88,213.5,50.82,3340,727017.8,727068.62,536.22,0,23164.96
2023-03-30,218.0,216.35,50.82,3340,724112.0,724162.82,536.22,0,23164.96
2023-03-31,217.25,211.11,50.82,3340,720905.6,720956.42,536.22,0,23164.96
2023-04-03,217.78,214.0,50.82,3340,718166.8,718217.62,536.22,0,23164.96
2023-04-04,216.3,213.59,50.82,3340,715962.4,716013.22,536.22,0,23164.96
2023-04-05,216.0,212.23,50.82,3340,720104.0,720154.82,536.22,0,23164.96
2023-04-06,216.81,214.05,50.82,3340,715461.4,715512.22,536.22,0,23164.96
2023-04-07,216.26,213.6,50.82,3340,721273.0,721323.82,536.22,0,23164.96
2023-04-10,221.13,216.23,50.82,3340,738574.2,738625.02,536.22,0,23164.96
2023-04-11,221.95,217.11,50.82,3340,729322.4,729373.22,536.22,0,23164.96
2023-04-12,219.32,216.51,50.82,3340,731293.0,731343.82,536.22,0,23164.96
2023-04-13,220.4,218.0,50.82,3340,732729.2,732780.02,536.22,0,23164.96
2023-04-14,221.98,218.14,50.82,3340,739476.0,739526.82,536.22,0,23164.96
2023-04-17,228.0,222.5,50.82,3340,760918.8,760969.62,536.22,0,23164.96
2023-04-18,232.86,227.33,50.82,3340,776583.4,776634.22,536.22,0,23164.96
2023-04-19,237.27,230.08,50.82,3340,779188.6,779239.42,536.22,0,23164.96
2023-04-20,236.37,227.9,50.82,3340,789409.0,789459.82,536.22,0,23164.96
2023-04-21,238.35,233.0,50.82,3340,786469.8,786520.62,536.22,0,23164.96
2023-04-24,236.33,234.18,50.82,3340,785835.2,785886.02,536.22,0,23164.96
2023-04-25,235.97,234.5,50.82,3340,785334.2,785385.02,536.22,0,23164.96
2023-04-26,235.95,234.85,50.82,3340,785634.8,785685.62,536.22,0,23164.96
2023-04-27,239.91,235.1,50.82,3340,799963.4,800014.22,536.22,0,23164.96
2023-04-28,241.56,237.03,801370.26,0,0.0,801370.26,816.78,32130.8,55295.76
2023-05-02,244.46,237.01,801370.26,0,0.0,801370.26,816.78,32130.8,55295.76
2023-05-03,242.9,233.0,801370.26,0,0.0,801370.26,816.78,32130.8,55295.76
2023-05-04,239.23,235.9,801370.26,0,0.0,801370.26,816.78,32130.8,55295.76
2023-05-05,239.7,236.52,801370.26,0,0.0,801370.26,816.78,32130.8,55295.76
2023-05-08,238.89,235.36,801370.26,0,0.0,801370.26,816.78,32130.8,55295.76
2023-05-10,226.86,213.08,801370.26,0,0.0,801370.26,816.78,32130.8,55295.76
2023-05-11,233.84,222.01,801370.26,0,0.0,801370.26,816.78,32130.8,55295.76
2023-05-12,230.5,223.54,801370.26,0,0.0,801370.26,816.78,32130.8,55295.76
2023-05-15,228.7,227.0,801370.26,0,0.0,801370.26,816.78,32130.8,55295.76
2023-05-16,229.88,227.27,801370.26,0,0.0,801370.26,816.78,32130.8,55295.76
2023-05-17,228.52,226.4,801370.26,0,0.0,801370.26,816.78,32130.8,55295.76
2023-05-18,231.81,228.1,801370.26,0,0.0,801370.26,816.78,32130.8,55295.76
2023-05-19,229.53,228.0,801370.26,0,0.0,801370.26,816.78,32130.8,55295.76
2023-05-22,229.72,227.36,801370.26,0,0.0,801370.26,816.78,32130.8,55295.76
2023-05-23,233.07,227.51,801370.26,0,0.0,801370.26,816.78,32130.8,55295.76
2023-05-24,241.29,232.01,801370.26,0,0.0,801370.26,816.78,32130.8,55295.76
2023-05-25,243.0,238.08,801370.26,0,0.0,801370.26,816.78,32130.8,55295.76
2023-05-26,244.26,238.51,801370.26,0,0.0,801370.26,816.78,32130.8,55295.76
2023-05-29,248.01,244.5,801370.26,0,0.0,801370.26,816.78,32130.8,55295.76
2023-05-30,246.44,240.01,801370.26,0,0.0,801370.26,816.78,32130.8,55295.76
2023-05-31,243.0,236.37,801370.26,0,0.0,801370.26,816.78,32130.8,55295.76
2023-06-01,241.98,237.37,801370.26,0,0.0,801370.26,816.78,32130.8,55295.76
2023-06-02,242.33,238.1,801370.26,0,0.0,801370.26,816.78,32130.8,55295.76
2023-06-05,241.0,233.37,801370.26,0,0.0,801370.26,816.78,32130.8,55295.76
2023-06-06,239.9,230.7,801370.26,0,0.0,801370.26,816.78,32130.8,55295.76
2023-06-07,240.8,236.7,801370.26,0,0.0,801370.26,816.78,32130.8,55295.76
2023-06-08,239.9,237.0,801370.26,0,0.0,801370.26,816.78,32130.8,55295.76
2023-06-09,239.94,237.68,801370.26,0,0.0,801370.26,816.78,32130.8,55295.76
2023-06-13,241.9,238.8,801370.26,0,0.0,801370.26,816.78,32130.8,55295.76
2023-06-14,244.0,239.7,801370.26,0,0.0,801370.26,816.78,32130.8,55295.76
2023-06-15,243.6,241.58,801370.26,0,0.0,801370.26,816.78,32130.8,55295.76
2023-06-16,243.97,241.57,801370.26,0,0.0,801370.26,816.78,32130.8,55295.76
2023-06-19,242.29,239.8,801370.26,0,0.0,801370.26,816.78,32130.8,55295.76
2023-06-20,239.85,237.2,801370.26,0,0.0,801370.26,816.78,32130.8,55295.76
2023-06-21,240.48,237.85,801370.26,0,0.0,801370.26,816.78,32130.8,55295.76
2023-06-22,239.5,237.2,801370.26,0,0.0,801370.26,816.78,32130.8,55295.76
2023-06-23,237.92,232.13,801370.26,0,0.0,801370.26,816.78,32130.8,55295.76
2023-06-26,238.23,232.34,801370.26,0,0.0,801370.26,816.78,32130.8,55295.76
2023-06-27,239.85,235.15,801370.26,0,0.0,801370.26,816.78,32130.8,55295.76
2023-06-28,239.04,236.55,801370.26,0,0.0,801370.26,816.78,32130.8,55295.76
2023-06-29,238.77,236.9,801370.26,0,0.0,801370.26,816.78,32130.8,55295.76
2023-06-30,238.28,236.41,801370.26,0,0.0,801370.26,816.78,32130.8,55295.76
2023-07-03,240.26,236.51,801370.26,0,0.0,801370.26,816.78,32130.8,55295.76
2023-07-04,240.0,237.27,801370.26,0,0.0,801370.26,816.78,32130.8,55295.76
2023-07-05,238.95,237.0,801370.26,0,0.0,801370.26,816.78,32130.8,55295.76
2023-07-06,239.62,237.51,801370.26,0,0.0,801370.26,816.78,32130.8,55295.76
2023-07-07,240.86,238.11,801370.26,0,0.0,801370.26,816.78,32130.8,55295.76
2023-07-10,246.1,241.51,801370.26,0,0.0,801370.26,816.78,32130.8,55295.76
2023-07-11,246.74,243.73,801370.26,0,0.0,801370.26,816.78,32130.8,55295.76
2023-07-12,246.9,244.1,801370.26,0,0.0,801370.26,816.78,32130.8,55295.76
2023-07-13,246.32,243.4,801370.26,0,0.0,801370.26,816.78,32130.8,55295.76
2023-07-14,244.95,242.55,801370.26,0,0.0,801370.26,816.78,32130.8,55295.76
2023-07-17,244.58,242.0,801370.26,0,0.0,801370.26,816.78,32130.8,55295.76
2023-07-18,246.12,243.8,801370.26,0,0.0,801370.26,816.78,32130.8,55295.76
2023-07-19,247.0,245.0,801370.26,0,0.0,801370.26,816.78,32130.8,55295.76
2023-07-20,245.25,242.25,801370.26,0,0.0,801370.26,816.78,32130.8,55295.76
2023-07-21,244.29,241.64,801370.26,0,0.0,801370.26,816.78,32130.8,55295.76
2023-07-24,244.81,243.1,801370.26,0,0.0,801370.26,816.78,32130.8,55295.76
2023-07-25,246.4,244.08,801370.26,0,0.0,801370.26,816.78,32130.8,55295.76
2023-07-26,246.8,244.61,801370.26,0,0.0,801370.26,816.78,32130.8,55295.76
2023-07-27,248.0,246.05,801370.26,0,0.0,801370.26,816.78,32130.8,55295.76
2023-07-28,248.48,245.25,801370.26,0,0.0,801370.26,816.78,32130.8,55295.76
2023-07-31,265.61,249.01,801370.26,0,0.0,801370.26,816.78,32130.8,55295.76
2023-08-01,272.0,262.7,801370.26,0,0.0,801370.26,816.78,32130.8,55295.76
2023-08-02,268.13,264.7,801370.26,0,0.0,801370.26,816.78,32130.8,55295.76
2023-08-03,269.96,265.12,801370.26,0,0.0,801370.26,816.78,32130.8,55295.76
2023-08-04,271.5,260.1,801370.26,0,0.0,801370.26,816.78,32130.8,55295.76
2023-08-07,267.45,260.3,801370.26,0,0.0,801370.26,816.78,32130.8,55295.76
2023-08-08,264.47,258.0,801370.26,0,0.0,801370.26,816.78,32130.8,55295.76
2023-08-09,266.0,262.7,801370.26,0,0.0,801370.26,816.78,32130.8,55295.76
2023-08-10,266.75,263.31,801370.26,0,0.0,801370.26,816.78,32130.8,55295.76
2023-08-11,266.54,264.55,801370.26,0,0.0,801370.26,816.78,32130.8,55295.76
2023-08-14,268.87,259.25,801370.26,0,0.0,801370.26,816.78,32130.8,55295.76
2023-08-15,263.99,256.68,801370.26,0,0.0,801370.26,816.78,32130.8,55295.76
2023-08-16,261.76,254.0,801370.26,0,0.0,801370.26,816.78,32130.8,55295.76
2023-08-17,258.45,255.32,801370.26,0,0.0,801370.26,816.78,32130.8,55295.76
2023-08-18,260.87,256.76,801370.26,0,0.0,801370.26,816.78,32130.8,55295.76
2023-08-21,262.46,259.45,801370.26,0,0.0,801370.26,816.78,32130.8,55295.76
2023-08-22,261.87,259.52,801370.26,0,0.0,801370.26,816.78,32130.8,55295.76
2023-08-23,261.83,255.92,801370.26,0,0.0,801370.26,816.78,32130.8,55295.76
2023-08-24,259.34,256.3,801370.26,0,0.0,801370.26,816.78,32130.8,55295.76
2023-08-25,261.24,257.3,801370.26,0,0.0,801370.26,816.78,32130.8,55295.76
2023-08-28,266.6,259.51,801370.26,0,0.0,801370.26,816.78,32130.8,55295.76
2023-08-29,266.9,264.3,801370.26,0,0.0,801370.26,816.78,32130.8,55295.76
2023-08-30,266.92,262.83,801370.26,0,0.0,801370.26,816.78,32130.8,55295.76
2023-08-31,265.98,264.32,801370.26,0,0.0,801370.26,816.78,32130.8,55295.76
2023-09-01,265.51,264.04,801370.26,0,0.0,801370.26,816.78,32130.8,55295.76
2023-09-04,268.4,265.3,801370.26,0,0.0,801370.26,816.78,32130.8,55295.76
2023-09-05,267.4,261.04,801370.26,0,0.0,801370.26,816.78,32130.8,55295.76
2023-09-06,264.55,262.17,801370.26,0,0.0,801370.26,816.78,32130.8,55295.76
2023-09-07,264.49,255.84,801370.26,0,0.0,801370.26,816.78,32130.8,55295.76
2023-09-08,259.07,252.9,801370.26,0,0.0,801370.26,816.78,32130.8,55295.76
2023-09-11,257.99,255.01,801370.26,0,0.0,801370.26,816.78,32130.8,55295.76
2023-09-12,261.98,256.5,801370.26,0,0.0,801370.26,816.78,32130.8,55295.76
2023-09-13,262.29,257.49,801370.26,0,0.0,801370.26,816.78,32130.8,55295.76
2023-09-14,261.2,254.61,801370.26,0,0.0,801370.26,816.78,32130.8,55295.76
2023-09-15,261.98,258.13,801370.26,0,0.0,801370.26,816.78,32130.8,55295.76
2023-09-18,262.75,258.3,801370.26,0,0.0,801370.26,816.78,32130.8,55295.76
2023-09-19,259.26,251.22,801370.26,0,0.0,801370.26,816.78,32130.8,55295.76
2023-09-20,255.49,249.59,801370.26,0,0.0,801370.26,816.78,32130.8,55295.76
2023-09-21,254.19,249.7,801370.26,0,0.0,801370.26,816.78,32130.8,55295.76
2023-09-22,252.89,248.84,801370.26,0,0.0,801370.26,816.78,32130.8,55295.76
2023-09-25,253.25,249.73,801370.26,0,0.0,801370.26,816.78,32130.8,55295.76
2023-09-26,256.83,250.71,801370.26,0,0.0,801370.26,816.78,32130.8,55295.76
2023-09-27,257.5,254.39,801370.26,0,0.0,801370.26,816.78,32130.8,55295.76
2023-09-28,258.0,255.12,801370.26,0,0.0,801370.26,816.78,32130.8,55295.76
2023-09-29,262.3,256.36,801370.26,0,0.0,801370.26,816.78,32130.8,55295.76
2023-10-02,261.5,256.36,801370.26,0,0.0,801370.26,816.78,32130.8,55295.76
2023-10-03,260.44,257.1,801370.26,0,0.0,801370.26,816.78,32130.8,55295.76
2023-10-04,260.17,258.25,801370.26,0,0.0,801370.26,816.78,32130.8,55295.76
2023-10-05,260.98,258.12,801370.26,0,0.0,801370.26,816.78,32130.8,55295.76
2023-10-06,262.99,257.8,801370.26,0,0.0,801370.26,816.78,32130.8,55295.76
2023-10-09,265.76,262.53,801370.26,0,0.0,801370.26,816.78,32130.8,55295.76
2023-10-10,265.15,259.8,801370.26,0,0.0,801370.26,816.78,32130.8,55295.76
2023-10-11,264.17,259.59,801370.26,0,0.0,801370.26,816.78,32130.8,55295.76
2023-10-12,264.5,259.6,801370.26,0,0.0,801370.26,816.78,32130.8,55295.76
2023-10-13,264.59,262.33,801370.26,0,0.0,801370.26,816.78,32130.8,55295.76
2023-10-16,268.66,263.42,801370.26,0,0.0,801370.26,816.78,32130.8,55295.76
2023-10-17,271.51,266.15,801370.26,0,0.0,801370.26,816.78,32130.8,55295.76
2023-10-18,270.3,265.67,801370.26,0,0.0,801370.26,816.78,32130.8,55295.76
2023-10-19,270.87,266.24,801370.26,0,0.0,801370.26,816.78,32130.8,55295.76
2023-10-20,272.25,266.3,801370.26,0,0.0,801370.26,816.78,32130.8,55295.76
2023-10-23,273.63,269.14,801370.26,0,0.0,801370.26,816.78,32130.8,55295.76
2023-10-24,271.65,268.2,801370.26,0,0.0,801370.26,816.78,32130.8,55295.76
2023-10-25,274.19,270.01,801370.26,0,0.0,801370.26,816.78,32130.8,55295.76
2023-10-26,275.0,268.9,801370.26,0,0.0,801370.26,816.78,32130.8,55295.76
2023-10-27,271.3,266.54,801370.26,0,0.0,801370.26,816.78,32130.8,55295.76
2023-10-30,271.0,268.03,801370.26,0,0.0,801370.26,816.78,32130.8,55295.76
2023-10-31,269.82,266.11,801370.26,0,0.0,801370.26,816.78,32130.8,55295.76
2023-11-01,269.7,267.2,801370.26,0,0.0,801370.26,816.78,32130.8,55295.76
2023-11-02,270.0,267.4,801370.26,0,0.0,801370.26,816.78,32130.8,55295.76
2023-11-03,269.48,267.0,801370.26,0,0.0,801370.26,816.78,32130.8,55295.76
2023-11-06,272.95,268.04,801370.26,0,0.0,801370.26,816.78,32130.8,55295.76
2023-11-07,273.94,271.39,801370.26,0,0.0,801370.26,816.78,32130.8,55295.76
2023-11-08,277.0,272.59,801370.26,0,0.0,801370.26,816.78,32130.8,55295.76
2023-11-09,277.47,274.81,801370.26,0,0.0,801370.26,816.78,32130.8,55295.76
2023-11-10,279.9,275.85,801370.26,0,0.0,801370.26,816.78,32130.8,55295.76
2023-11-13,283.98,279.5,801370.26,0,0.0,801370.26,816.78,32130.8,55295.76
2023-11-14,283.29,279.0,801370.26,0,0.0,801370.26,816.78,32130.8,55295.76
2023-11-15,282.78,277.33,801370.26,0,0.0,801370.26,816.78,32130.8,55295.76
2023-11-16,282.4,278.56,801370.26,0,0.0,801370.26,816.78,32130.8,55295.76
2023-11-17,281.78,278.0,801370.26,0,0.0,801370.26,816.78,32130.8,55295.76
2023-11-20,282.99,280.07,801370.26,0,0.0,801370.26,816.78,32130.8,55295.76
2023-11-21,282.77,280.07,801370.26,0,0.0,801370.26,816.78,32130.8,55295.76
2023-11-22,286.01,282.0,801370.26,0,0.0,801370.26,816.78,32130.8,55295.76
2023-11-23,287.38,284.5,801370.26,0,0.0,801370.26,816.78,32130.8,55295.76
2023-11-24,287.11,284.79,801370.26,0,0.0,801370.26,816.78,32130.8,55295.76
2023-11-27,288.7,278.63,801370.26,0,0.0,801370.26,816.78,32130.8,55295.76
2023-11-28,281.8,277.23,801370.26,0,0.0,801370.26,816.78,32130.8,55295.76
2023-11-29,280.45,276.1,801370.26,0,0.0,801370.26,816.78,32130.8,55295.76
2023-11-30,278.08,272.71,801370.26,0,0.0,801370.26,816.78,32130.8,55295.76
2023-12-01,277.94,273.2,801370.26,0,0.0,801370.26,816.78,32130.8,55295.76
2023-12-04,274.48,269.54,801370.26,0,0.0,801370.26,816.78,32130.8,55295.76
2023-12-05,279.79,270.39,801370.26,0,0.0,801370.26,816.78,32130.8,55295.76
2023-12-06,280.47,265.81,801370.26,0,0.0,801370.26,816.78,32130.8,55295.76
2023-12-07,270.3,262.78,801370.26,0,0.0,801370.26,816.78,32130.8,55295.76
2023-12-08,268.13,263.62,801370.26,0,0.0,801370.26,816.78,32130.8,55295.76
2023-12-11,266.29,254.75,801370.26,0,0.0,801370.26,816.78,32130.8,55295.76
2023-12-12,262.61,255.13,801370.26,0,0.0,801370.26,816.78,32130.8,55295.76
2023-12-13,261.0,256.33,801370.26,0,0.0,801370.26,816.78,32130.8,55295.76
2023-12-14,262.62,255.72,801370.26,0,0.0,801370.26,816.78,32130.8,55295.76
2023-12-15,268.47,257.19,801370.26,0,0.0,801370.26,816.78,32130.8,55295.76
2023-12-18,269.8,266.1,801370.26,0,0.0,801370.26,816.78,32130.8,55295.76
2023-12-19,269.38,264.9,801370.26,0,0.0,801370.26,816.78,32130.8,55295.76
2023-12-20,268.68,266.0,769239.46,0,0.0,801370.26,816.78,0,55295.76
2023-12-21,266.74,263.26,769239.46,0,0.0,769239.46,816.78,0,55295.76
2023-12-22,271.63,265.02,769239.46,0,0.0,769239.46,816.78,0,55295.76
2023-12-25,274.26,269.87,769239.46,0,0.0,769239.46,816.78,0,55295.76
2023-12-26,272.64,269.52,769239.46,0,0.0,769239.46,816.78,0,55295.76
2023-12-27,272.7,271.11,769239.46,0,0.0,769239.46,816.78,0,55295.76
2023-12-28,272.89,269.05,769239.46,0,0.0,769239.46,816.78,0,55295.76
2023-12-29,273.46,271.39,769239.46,0,0.0,769239.46,816.78,0,55295.76
2024-01-03,275.29,272.0,769239.46,0,0.0,769239.46,816.78,0,55295.76
2024-01-04,275.74,273.94,769239.46,0,0.0,769239.46,816.78,0,55295.76
2024-01-05,275.27,273.1,769239.46,0,0.0,769239.46,816.78,0,55295.76
2024-01-08,277.65,274.11,769239.46,0,0.0,769239.46,816.78,0,55295.76
2024-01-09,277.99,275.38,769239.46,0,0.0,769239.46,816.78,0,55295.76
2024-01-10,276.75,274.3,769239.46,0,0.0,769239.46,816.78,0,55295.76
2024-01-11,276.22,274.58,769239.46,0,0.0,769239.46,816.78,0,55295.76
2024-01-12,277.25,275.02,769239.46,0,0.0,769239.46,816.78,0,55295.76
2024-01-15,277.96,275.45,769239.46,0,0.0,769239.46,816.78,0,55295.76
2024-01-16,277.17,274.25,769239.46,0,0.0,769239.46,816.78,0,55295.76
2024-01-17,279.49,276.0,769239.46,0,0.0,769239.46,816.78,0,55295.76
2024-01-18,279.28,277.06,769239.46,0,0.0,769239.46,816.78,0,55295.76
2024-01-19,278.0,274.06,769239.46,0,0.0,769239.46,816.78,0,55295.76
2024-01-22,276.29,274.34,769239.46,0,0.0,769239.46,816.78,0,55295.76
2024-01-23,277.2,274.75,769239.46,0,0.0,769239.46,816.78,0,55295.76
2024-01-24,276.43,273.37,769239.46,0,0.0,769239.46,816.78,0,55295.76
2024-01-25,274.3,271.67,769239.46,0,0.0,769239.46,816.78,0,55295.76
2024-01-26,274.5,272.0,769239.46,0,0.0,769239.46,816.78,0,55295.76
2024-01-29,275.3,272.93,769239.46,0,0.0,769239.46,816.78,0,55295.76
2024-01-30,277.5,274.12,769239.46,0,0.0,769239.46,816.78,0,55295.76
2024-01-31,276.35,274.81,769239.46,0,0.0,769239.46,816.78,0,55295.76
2024-02-01,277.8,276.0,769239.46,0,0.0,769239.46,816.78,0,55295.76
2024-02-02,277.58,275.76,769239.46,0,0.0,769239.46,816.78,0,55295.76
2024-02-05,278.84,276.16,769239.46,0,0.0,769239.46,816.78,0,55295.76
2024-02-06,279.21,277.8,769239.46,0,0.0,769239.46,816.78,0,55295.76
2024-02-07,284.34,279.0,769239.46,0,0.0,769239.46,816.78,0,55295.76
2024-02-08,286.45,281.34,769239.46,0,0.0,769239.46,816.78,0,55295.76
2024-02-09,284.33,281.52,769239.46,0,0.0,769239.46,816.78,0,55295.76
2024-02-12,287.9,283.59,769239.46,0,0.0,769239.46,816.78,0,55295.76
2024-02-13,288.5,285.09,769239.46,0,0.0,769239.46,816.78,0,55295.76
2024-02-14,290.5,286.41,769239.46,0,0.0,769239.46,816.78,0,55295.76
2024-02-15,290.33,287.71,769239.46,0,0.0,769239.46,816.78,0,55295.76
2024-02-16,291.97,286.29,769239.46,0,0.0,769239.46,816.78,0,55295.76
2024-02-19,289.95,286.99,769239.46,0,0.0,769239.46,816.78,0,55295.76
2024-02-20,289.36,283.4,769239.46,0,0.0,769239.46,816.78,0,55295.76
2024-02-21,285.4,280.53,769239.46,0,0.0,769239.46,816.78,0,55295.76
2024-02-22,284.89,282.2,769239.46,0,0.0,769239.46,816.78,0,55295.76
2024-02-26,290.96,287.14,769239.46,0,0.0,769239.46,816.78,0,55295.76
2024-02-27,292.95,290.11,769239.46,0,0.0,769239.46,816.78,0,55295.76
2024-02-28,293.98,290.08,769239.46,0,0.0,769239.46,816.78,0,55295.76
2024-02-29,293.47,291.52,769239.46,0,0.0,769239.46,816.78,0,55295.76
2024-03-01,295.52,292.0,769239.46,0,0.0,769239.46,816.78,0,55295.76
2024-03-04,299.88,295.36,769239.46,0,0.0,769239.46,816.78,0,55295.76
2024-03-05,300.45,297.05,769239.46,0,0.0,769239.46,816.78,0,55295.76
2024-03-06,299.49,297.27,769239.46,0,0.0,769239.46,816.78,0,55295.76
2024-03-07,300.49,297.59,769239.46,0,0.0,769239.46,816.78,0,55295.76
2024-03-11,303.0,299.6,769239.46,0,0.0,769239.46,816.78,0,55295.76
2024-03-12,301.5,298.07,769239.46,0,0.0,769239.46,816.78,0,55295.76
2024-03-13,301.9,298.59,769239.46,0,0.0,769239.46,816.78,0,55295.76
2024-03-14,300.5,295.05,769239.46,0,0.0,769239.46,816.78,0,55295.76
2024-03-15,299.98,295.8,769239.46,0,0.0,769239.46,816.78,0,55295.76
2024-03-18,302.0,296.4,769239.46,0,0.0,769239.46,816.78,0,55295.76
2024-03-19,299.68,294.76,769239.46,0,0.0,769239.46,816.78,0,55295.76
2024-03-20,296.95,294.6,769239.46,0,0.0,769239.46,816.78,0,55295.76
2024-03-21,297.92,292.71,769239.46,0,0.0,769239.46,816.78,0,55295.76
2024-03-22,297.3,291.0,769239.46,0,0.0,769239.46,816.78,0,55295.76
2024-03-25,296.0,292.86,769239.46,0,0.0,769239.46,816.78,0,55295.76
2024-03-26,295.99,293.75,769239.46,0,0.0,769239.46,816.78,0,55295.76
2024-03-27,295.47,294.12,769239.46,0,0.0,769239.46,816.78,0,55295.76
2024-03-28,299.84,295.79,769239.46,0,0.0,769239.46,816.78,0,55295.76
2024-03-29,300.0,298.1,769239.46,0,0.0,769239.46,816.78,0,55295.76
2024-04-01,301.98,299.51,769239.46,0,0.0,769239.46,816.78,0,55295.76
2024-04-02,301.41,299.12,769239.46,0,0.0,769239.46,816.78,0,55295.76
2024-04-03,307.26,300.1,769239.46,0,0.0,769239.46,816.78,0,55295.76
2024-04-04,307.84,304.07,769239.46,0,0.0,769239.46,816.78,0,55295.76
2024-04-05,307.12,303.6,769239.46,0,0.0,769239.46,816.78,0,55295.76
2024-04-08,308.84,306.23,769239.46,0,0.0,769239.46,816.78,0,55295.76
2024-04-09,309.28,305.48,769239.46,0,0.0,769239.46,816.78,0,55295.76
2024-04-10,307.74,304.82,769239.46,0,0.0,769239.46,816.78,0,55295.76
2024-04-11,308.33,306.01,769239.46,0,0.0,769239.46,816.78,0,55295.76
2024-04-12,308.01,305.41,769239.46,0,0.0,769239.46,816.78,0,55295.76
2024-04-15,308.42,306.67,769239.46,0,0.0,769239.46,816.78,0,55295.76
2024-04-16,308.8,307.06,769239.46,0,0.0,769239.46,816.78,0,55295.76
2024-04-17,309.89,306.05,769239.46,0,0.0,769239.46,816.78,0,55295.76
2024-04-18,308.54,305.53,769239.46,0,0.0,769239.46,816.78,0,55295.76
2024-04-19,308.48,307.28,769239.46,0,0.0,769239.46,816.78,0,55295.76
2024-04-22,315.77,308.0,769239.46,0,0.0,769239.46,816.78,0,55295.76
2024-04-23,317.22,307.43,769239.46,0,0.0,769239.46,816.78,0,55295.76
2024-04-24,310.7,307.7,769239.46,0,0.0,769239.46,816.78,0,55295.76
2024-04-25,309.8,308.0,769239.46,0,0.0,769239.46,816.78,0,55295.76
2024-04-26,310.78,309.01,769239.46,0,0.0,769239.46,816.78,0,55295.76
2024-04-27,310.98,308.8,769239.46,0,0.0,769239.46,816.78,0,55295.76
2024-04-29,309.76,308.1,769239.46,0,0.0,769239.46,816.78,0,55295.76
2024-04-30,310.0,308.05,769239.46,0,0.0,769239.46,816.78,0,55295.76
2024-05-02,309.57,306.73,769239.46,0,0.0,769239.46,816.78,0,55295.76
2024-05-03,309.1,305.01,769239.46,0,0.0,769239.46,816.78,0,55295.76
2024-05-06,308.6,305.76,769239.46,0,0.0,769239.46,816.78,0,55295.76
2024-05-07,308.95,306.27,769239.46,0,0.0,769239.46,816.78,0,55295.76
2024-05-08,312.19,308.26,769239.46,0,0.0,769239.46,816.78,0,55295.76
2024-05-10,313.98,311.4,769239.46,0,0.0,769239.46,816.78,0,55295.76
2024-05-13,316.0,314.4,769239.46,0,0.0,769239.46,816.78,0,55295.76
2024-05-14,318.43,313.77,769239.46,0,0.0,769239.46,816.78,0,55295.76
2024-05-15,319.98,317.89,769239.46,0,0.0,769239.46,816.78,0,55295.76
2024-05-16,322.99,319.79,769239.46,0,0.0,769239.46,816.78,0,55295.76
2024-05-17,323.89,319.72,769239.46,0,0.0,769239.46,816.78,0,55295.76
2024-05-20,324.68,319.09,769239.46,0,0.0,769239.46,816.78,0,55295.76
2024-05-21,322.89,317.54,769239.46,0,0.0,769239.46,816.78,0,55295.76
2024-05-22,322.99,321.04,769239.46,0,0.0,769239.46,816.78,0,55295.76
2024-05-23,324.45,321.13,769239.46,0,0.0,769239.46,816.78,0,55295.76
2024-05-24,325.25,320.05,769239.46,0,0.0,769239.46,816.78,0,55295.76
2024-05-27,323.08,315.83,769239.46,0,0.0,769239.46,816.78,0,55295.76
2024-05-28,323.17,316.19,769239.46,0,0.0,769239.46,816.78,0,55295.76
2024-05-29,320.66,316.77,769239.46,0,0.0,769239.46,816.78,0,55295.76
2024-05-30,321.76,316.9,769239.46,0,0.0,769239.46,816.78,0,55295.76
2024-05-31,318.7,309.5,769239.46,0,0.0,769239.46,816.78,0,55295.76
2024-06-03,315.26,304.66,769239.46,0,0.0,769239.46,816.78,0,55295.76
2024-06-04,316.37,308.59,769239.46,0,0.0,769239.46,816.78,0,55295.76
2024-06-05,318.15,314.22,769239.46,0,0.0,769239.46,816.78,0,55295.76
2024-06-06,316.89,311.7,769239.46,0,0.0,769239.46,816.78,0,55295.76
2024-06-07,320.88,313.2,769239.46,0,0.0,769239.46,816.78,0,55295.76
2024-06-10,322.0,313.29,769239.46,0,0.0,769239.46,816.78,0,55295.76
2024-06-11,320.31,316.0,769239.46,0,0.0,769239.46,816.78,0,55295.76
2024-06-13,318.5,303.1,769239.46,0,0.0,769239.46,816.78,0,55295.76
2024-06-14,321.0,317.1,769239.46,0,0.0,769239.46,816.78,0,55295.76
2024-06-17,320.7,317.25,769239.46,0,0.0,769239.46,816.78,0,55295.76
2024-06-18,318.25,313.1,769239.46,0,0.0,769239.46,816.78,0,55295.76
2024-06-19,314.78,307.85,769239.46,0,0.0,769239.46,816.78,0,55295.76
2024-06-20,314.87,305.58,769239.46,0,0.0,769239.46,816.78,0,55295.76
2024-06-21,316.85,313.06,769239.46,0,0.0,769239.46,816.78,0,55295.76
2024-06-24,319.41,314.71,769239.46,0,0.0,769239.46,816.78,0,55295.76
2024-06-25,320.0,316.66,769239.46,0,0.0,769239.46,816.78,0,55295.76
2024-06-26,324.7,320.18,769239.46,0,0.0,769239.46,816.78,0,55295.76
2024-06-27,328.0,323.05,769239.46,0,0.0,769239.46,816.78,0,55295.76
2024-06-28,329.58,326.6,769239.46,0,0.0,769239.46,816.78,0,55295.76
2024-07-01,330.0,325.6,769239.46,0,0.0,769239.46,816.78,0,55295.76
2024-07-02,329.7,327.6,769239.46,0,0.0,769239.46,816.78,0,55295.76
2024-07-03,330.7,328.06,769239.46,0,0.0,769239.46,816.78,0,55295.76
2024-07-04,329.71,324.02,769239.46,0,0.0,769239.46,816.78,0,55295.76
2024-07-05,326.84,321.34,769239.46,0,0.0,769239.46,816.78,0,55295.76
2024-07-08,327.97,323.48,769239.46,0,0.0,769239.46,816.78,0,55295.76
2024-07-09,325.03,317.0,769239.46,0,0.0,769239.46,816.78,0,55295.76
2024-07-10,319.92,314.69,769239.46,0,0.0,769239.46,816.78,0,55295.76
2024-07-11,297.1,285.16,769239.46,0,0.0,769239.46,816.78,0,55295.76
2024-07-12,297.46,290.71,769239.46,0,0.0,769239.46,816.78,0,55295.76
2024-07-15,293.66,283.92,769239.46,0,0.0,769239.46,816.78,0,55295.76
2024-07-16,285.58,277.0,769239.46,0,0.0,769239.46,816.78,0,55295.76
2024-07-17,290.3,283.07,769239.46,0,0.0,769239.46,816.78,0,55295.76
2024-07-18,290.0,282.39,769239.46,0,0.0,769239.46,816.78,0,55295.76
2024-07-19,292.99,289.44,769239.46,0,0.0,769239.46,816.78,0,55295.76
2024-07-22,295.24,291.05,769239.46,0,0.0,769239.46,816.78,0,55295.76
2024-07-23,295.73,292.35,769239.46,0,0.0,769239.46,816.78,0,55295.76
2024-07-24,296.5,293.0,769239.46,0,0.0,769239.46,816.78,0,55295.76
2024-07-25,297.0,294.07,769239.46,0,0.0,769239.46,816.78,0,55295.76
2024-07-26,300.0,292.55,769239.46,0,0.0,769239.46,816.78,0,55295.76
2024-07-29,293.57,286.0,769239.46,0,0.0,769239.46,816.78,0,55295.76
2024-07-30,291.7,284.44,769239.46,0,0.0,769239.46,816.78,0,55295.76
2024-07-31,290.61,287.66,769239.46,0,0.0,769239.46,816.78,0,55295.76
2024-08-01,290.48,286.61,769239.46,0,0.0,769239.46,816.78,0,55295.76
2024-08-02,287.93,283.92,769239.46,0,0.0,769239.46,816.78,0,55295.76
2024-08-05,283.0,275.52,769239.46,0,0.0,769239.46,816.78,0,55295.76
2024-08-06,281.09,276.3,769239.46,0,0.0,769239.46,816.78,0,55295.76
2024-08-07,282.85,276.71,769239.46,0,0.0,769239.46,816.78,0,55295.76
2024-08-08,284.9,278.8,769239.46,0,0.0,769239.46,816.78,0,55295.76
2024-08-09,281.95,278.83,769239.46,0,0.0,769239.46,816.78,0,55295.76
2024-08-12,280.61,277.12,769239.46,0,0.0,769239.46,816.78,0,55295.76
2024-08-13,283.79,279.38,769239.46,0,0.0,769239.46,816.78,0,55295.76
2024-08-14,283.96,279.24,769239.46,0,0.0,769239.46,816.78,0,55295.76
2024-08-15,280.49,276.59,769239.46,0,0.0,769239.46,816.78,0,55295.76
2024-08-16,278.68,273.66,769239.46,0,0.0,769239.46,816.78,0,55295.76
2024-08-19,274.99,265.16,769239.46,0,0.0,769239.46,816.78,0,55295.76
2024-08-20,269.43,263.35,769239.46,0,0.0,769239.46,816.78,0,55295.76
2024-08-21,267.6,263.73,769239.46,0,0.0,769239.46,816.78,0,55295.76
2024-08-22,268.0,260.12,769239.46,0,0.0,769239.46,816.78,0,55295.76
2024-08-23,261.96,256.36,769239.46,0,0.0,769239.46,816.78,0,55295.76
2024-08-26,266.66,260.45,769239.46,0,0.0,769239.46,816.78,0,55295.76
2024-08-27,267.0,259.62,769239.46,0,0.0,769239.46,816.78,0,55295.76
2024-08-28,261.69,255.19,769239.46,0,0.0,769239.46,816.78,0,55295.76
2024-08-29,263.55,258.21,769239.46,0,0.0,769239.46,816.78,0,55295.76
2024-08-30,261.3,252.65,769239.46,0,0.0,769239.46,816.78,0,55295.76
2024-09-02,253.94,242.09,769239.46,0,0.0,769239.46,816.78,0,55295.76
2024-09-03,249.17,239.55,769239.46,0,0.0,769239.46,816.78,0,55295.76
2024-09-04,252.98,241.88,769239.46,0,0.0,769239.46,816.78,0,55295.76
2024-09-05,257.88,250.53,769239.46,0,0.0,769239.46,816.78,0,55295.76
2024-09-06,255.35,250.08,769239.46,0,0.0,769239.46,816.78,0,55295.76
2024-09-09,264.14,255.55,769239.46,0,0.0,769239.46,816.78,0,55295.76
2024-09-10,264.61,258.86,769239.46,0,0.0,769239.46,816.78,0,55295.76
2024-09-11,262.12,257.22,769239.46,0,0.0,769239.46,816.78,0,55295.76
2024-09-12,258.29,252.97,769239.46,0,0.0,769239.46,816.78,0,55295.76
2024-09-13,259.45,249.14,769239.46,0,0.0,769239.46,816.78,0,55295.76
2024-09-16,264.2,258.04,769239.46,0,0.0,769239.46,816.78,0,55295.76
2024-09-17,266.5,260.41,769239.46,0,0.0,769239.46,816.78,0,55295.76
2024-09-18,267.82,262.84,769239.46,0,0.0,769239.46,816.78,0,55295.76
2024-09-19,265.5,262.11,769239.46,0,0.0,769239.46,816.78,0,55295.76
2024-09-20,268.87,263.61,769239.46,0,0.0,769239.46,816.78,0,55295.76
2024-09-23,273.6,268.8,769239.46,0,0.0,769239.46,816.78,0,55295.76
2024-09-24,274.0,270.0,769239.46,0,0.0,769239.46,816.78,0,55295.76
2024-09-25,273.43,266.87,769239.46,0,0.0,769239.46,816.78,0,55295.76
2024-09-26,269.7,265.45,769239.46,0,0.0,769239.46,816.78,0,55295.76
2024-09-27,269.37,267.2,769239.46,0,0.0,769239.46,816.78,0,55295.76
2024-09-30,271.95,267.9,769239.46,0,0.0,769239.46,816.78,0,55295.76
2024-10-01,268.17,263.6,769239.46,0,0.0,769239.46,816.78,0,55295.76
2024-10-02,267.7,258.36,769239.46,0,0.0,769239.46,816.78,0,55295.76
2024-10-03,264.42,257.23,769239.46,0,0.0,769239.46,816.78,0,55295.76
2024-10-04,265.04,261.99,769239.46,0,0.0,769239.46,816.78,0,55295.76
2024-10-07,266.3,260.91,769239.46,0,0.0,769239.46,816.78,0,55295.76
2024-10-08,263.82,261.6,769239.46,0,0.0,769239.46,816.78,0,55295.76
2024-10-09,263.27,259.46,769239.46,0,0.0,769239.46,816.78,0,55295.76
2024-10-10,261.69,258.79,769239.46,0,0.0,769239.46,816.78,0,55295.76
2024-10-11,260.44,256.79,769239.46,0,0.0,769239.46,816.78,0,55295.76
2024-10-14,263.89,254.2,769239.46,0,0.0,769239.46,816.78,0,55295.76
2024-10-15,263.49,259.69,769239.46,0,0.0,769239.46,816.78,0,55295.76
2024-10-16,264.49,258.38,769239.46,0,0.0,769239.46,816.78,0,55295.76
2024-10-17,260.49,256.4,769239.46,0,0.0,769239.46,816.78,0,55295.76
2024-10-18,259.0,254.78,769239.46,0,0.0,769239.46,816.78,0,55295.76
2024-10-21,259.95,257.0,769239.46,0,0.0,769239.46,816.78,0,55295.76
2024-10-22,258.41,255.0,769239.46,0,0.0,769239.46,816.78,0,55295.76
2024-10-23,255.84,251.32,769239.46,0,0.0,769239.46,816.78,0,55295.76
2024-10-24,254.12,250.12,769239.46,0,0.0,769239.46,816.78,0,55295.76
2024-10-25,255.42,245.05,769239.46,0,0.0,769239.46,816.78,0,55295.76
2024-10-28,248.66,241.31,769239.46,0,0.0,769239.46,816.78,0,55295.76
2024-10-29,244.0,239.78,769239.46,0,0.0,769239.46,816.78,0,55295.76
2024-10-30,246.0,241.06,769239.46,0,0.0,769239.46,816.78,0,55295.76
2024-10-31,242.61,236.36,769239.46,0,0.0,769239.46,816.78,0,55295.76
2024-11-01,239.18,234.72,769239.46,0,0.0,769239.46,816.78,0,55295.76
2024-11-02,239.58,237.52,769239.46,0,0.0,769239.46,816.78,0,55295.76
2024-11-05,241.0,238.2,769239.46,0,0.0,769239.46,816.78,0,55295.76
2024-11-06,248.3,242.31,769239.46,0,0.0,769239.46,816.78,0,55295.76
2024-11-07,251.27,242.4,769239.46,0,0.0,769239.46,816.78,0,55295.76
2024-11-08,256.26,250.55,769239.46,0,0.0,769239.46,816.78,0,55295.76
2024-11-11,261.38,256.67,769239.46,0,0.0,769239.46,816.78,0,55295.76
2024-11-12,260.84,255.21,769239.46,0,0.0,769239.46,816.78,0,55295.76
2024-11-13,259.08,254.14,769239.46,0,0.0,769239.46,816.78,0,55295.76
2024-11-14,256.22,248.82,769239.46,0,0.0,769239.46,816.78,0,55295.76
2024-11-15,254.59,248.22,769239.46,0,0.0,769239.46,816.78,0,55295.76
2024-11-18,252.24,247.0,769239.46,0,0.0,769239.46,816.78,0,55295.76
2024-11-19,250.0,240.01,769239.46,0,0.0,769239.46,816.78,0,55295.76
2024-11-20,243.96,235.03,769239.46,0,0.0,769239.46,816.78,0,55295.76
2024-11-21,240.72,233.82,769239.46,0,0.0,769239.46,816.78,0,55295.76
2024-11-22,241.29,235.07,769239.46,0,0.0,769239.46,816.78,0,55295.76
2024-11-25,238.0,227.5,769239.46,0,0.0,769239.46,816.78,0,55295.76
2024-11-26,232.18,221.31,769239.46,0,0.0,769239.46,816.78,0,55295.76
2024-11-27,227.0,219.63,769239.46,0,0.0,769239.46,816.78,0,55295.76
2024-11-28,229.72,222.84,769239.46,0,0.0,769239.46,816.78,0,55295.76
2024-11-29,236.69,227.6,769239.46,0,0.0,769239.46,816.78,0,55295.76
2024-12-02,238.75,234.39,769239.46,0,0.0,769239.46,816.78,0,55295.76
2024-12-03,235.97,230.04,769239.46,0,0.0,769239.46,816.78,0,55295.76
2024-12-04,233.66,224.05,769239.46,0,0.0,769239.46,816.78,0,55295.76
2024-12-05,234.21,222.91,769239.46,0,0.0,769239.46,816.78,0,55295.76
2024-12-06,237.87,231.48,769239.46,0,0.0,769239.46,816.78,0,55295.76
2024-12-09,240.48,236.93,769239.46,0,0.0,769239.46,816.78,0,55295.76
2024-12-10,238.72,230.79,769239.46,0,0.0,769239.46,816.78,0,55295.76
2024-12-11,234.08,229.25,769239.46,0,0.0,769239.46,816.78,0,55295.76
2024-12-12,235.9,228.8,769239.46,0,0.0,769239.46,816.78,0,55295.76
2024-12-13,231.37,228.05,769239.46,0,0.0,769239.46,816.78,0,55295.76
2024-12-16,229.0,224.82,769239.46,0,0.0,769239.46,816.78,0,55295.76
2024-12-17,227.99,224.0,769239.46,0,0.0,769239.46,816.78,0,55295.76
2024-12-18,231.14,224.74,769239.46,0,0.0,769239.46,816.78,0,55295.76
2024-12-19,235.0,228.39,769239.46,0,0.0,769239.46,816.78,0,55295.76
2024-12-20,258.82,228.93,769239.46,0,0.0,769239.46,816.78,0,55295.76
2024-12-23,269.69,256.63,769239.46,0,0.0,769239.46,816.78,0,55295.76
2024-12-24,267.0,261.11,769239.46,0,0.0,769239.46,816.78,0,55295.76
2024-12-25,271.72,260.12,769239.46,0,0.0,769239.46,816.78,0,55295.76
2024-12-26,273.34,268.37,769239.46,0,0.0,769239.46,816.78,0,55295.76
2024-12-27,273.06,268.6,769239.46,0,0.0,769239.46,816.78,0,55295.76
2024-12-28,274.68,271.0,769239.46,0,0.0,769239.46,816.78,0,55295.76
2024-12-30,279.65,274.0,769239.46,0,0.0,769239.46,816.78,0,55295.76
2025-01-03,281.36,272.0,769239.46,0,0.0,769239.46,816.78,0,55295.76
2025-01-06,274.28,270.04,769239.46,0,0.0,769239.46,816.78,0,55295.76
2025-01-08,278.69,273.42,769239.46,0,0.0,769239.46,816.78,0,55295.76
2025-01-09,280.0,271.05,769239.46,0,0.0,769239.46,816.78,0,55295.76
2025-01-10,279.35,270.38,769239.46,0,0.0,769239.46,816.78,0,55295.76
2025-01-13,284.66,278.35,769239.46,0,0.0,769239.46,816.78,0,55295.76
2025-01-14,281.97,277.01,769239.46,0,0.0,769239.46,816.78,0,55295.76
2025-01-15,282.32,275.82,769239.46,0,0.0,769239.46,816.78,0,55295.76
2025-01-16,283.94,281.06,769239.46,0,0.0,769239.46,816.78,0,55295.76
2025-01-17,283.99,280.17,769239.46,0,0.0,769239.46,816.78,0,55295.76
2025-01-20,285.68,277.23,769239.46,0,0.0,769239.46,816.78,0,55295.76
2025-01-21,281.77,276.23,769239.46,0,0.0,769239.46,816.78,0,55295.76
2025-01-22,283.75,280.0,769239.46,0,0.0,769239.46,816.78,0,55295.76
2025-01-23,280.68,277.16,769239.46,0,0.0,769239.46,816.78,0,55295.76
2025-01-24,282.55,279.01,769239.46,0,0.0,769239.46,816.78,0,55295.76
2025-01-27,280.76,274.43,769239.46,0,0.0,769239.46,816.78,0,55295.76
2025-01-28,278.8,273.45,769239.46,0,0.0,769239.46,816.78,0,55295.76
2025-01-29,281.64,277.05,769239.46,0,0.0,769239.46,816.78,0,55295.76
2025-01-30,282.0,280.06,769239.46,0,0.0,769239.46,816.78,0,55295.76
2025-01-31,283.58,280.01,769239.46,0,0.0,769239.46,816.78,0,55295.76
2025-02-03,280.4,277.8,769239.46,0,0.0,769239.46,816.78,0,55295.76
2025-02-04,281.03,275.8,769239.46,0,0.0,769239.46,816.78,0,55295.76
2025-02-05,282.98,275.27,769239.46,0,0.0,769239.46,816.78,0,55295.76
2025-02-06,288.49,281.57,769239.46,0,0.0,769239.46,816.78,0,55295.76
2025-02-07,287.93,284.44,769239.46,0,0.0,769239.46,816.78,0,55295.76
2025-02-10,293.1,286.5,769239.46,0,0.0,769239.46,816.78,0,55295.76
2025-02-11,292.68,287.5,769239.46,0,0.0,769239.46,816.78,0,55295.76
2025-02-12,313.25,289.74,769239.46,0,0.0,769239.46,816.78,0,55295.76
2025-02-13,317.12,305.54,769239.46,0,0.0,769239.46,816.78,0,55295.76
2025-02-14,315.84,296.03,769239.46,0,0.0,769239.46,816.78,0,55295.76
2025-02-17,316.56,309.06,769239.46,0,0.0,769239.46,816.78,0,55295.76
2025-02-18,317.85,307.28,769239.46,0,0.0,769239.46,816.78,0,55295.76
2025-02-19,315.1,308.72,769239.46,0,0.0,769239.46,816.78,0,55295.76
2025-02-20,316.0,312.34,769239.46,0,0.0,769239.46,816.78,0,55295.76
2025-02-21,314.76,310.16,769239.46,0,0.0,769239.46,816.78,0,55295.76
2025-02-24,314.95,312.0,769239.46,0,0.0,769239.46,816.78,0,55295.76
2025-02-25,316.53,314.17,769239.46,0,0.0,769239.46,816.78,0,55295.76
2025-02-26,315.95,306.77,769239.46,0,0.0,769239.46,816.78,0,55295.76
2025-02-27,311.09,302.83,769239.46,0,0.0,769239.46,816.78,0,55295.76
2025-02-28,309.53,302.57,769239.46,0,0.0,769239.46,816.78,0,55295.76
2025-03-01,309.5,307.47,769239.46,0,0.0,769239.46,816.78,0,55295.76
2025-03-02,308.97,305.55,769239.46,0,0.0,769239.46,816.78,0,55295.76
2025-03-03,306.51,298.88,769239.46,0,0.0,769239.46,816.78,0,55295.76
2025-03-04,316.5,304.24,769239.46,0,0.0,769239.46,816.78,0,55295.76
2025-03-05,316.46,310.51,769239.46,0,0.0,769239.46,816.78,0,55295.76
2025-03-06,315.0,311.65,769239.46,0,0.0,769239.46,816.78,0,55295.76
2025-03-07,318.89,304.81,769239.46,0,0.0,769239.46,816.78,0,55295.76
2025-03-10,316.56,312.7,769239.46,0,0.0,769239.46,816.78,0,55295.76
2025-03-11,319.39,312.03,769239.46,0,0.0,769239.46,816.78,0,55295.76
2025-03-12,318.39,313.34,769239.46,0,0.0,769239.46,816.78,0,55295.76
2025-03-13,317.71,310.1,769239.46,0,0.0,769239.46,816.78,0,55295.76
2025-03-14,318.24,311.56,769239.46,0,0.0,769239.46,816.78,0,55295.76
2025-03-15,318.2,317.27,769239.46,0,0.0,769239.46,816.78,0,55295.76
2025-03-16,320.0,318.0,769239.46,0,0.0,769239.46,816.78,0,55295.76
2025-03-17,323.88,319.83,769239.46,0,0.0,769239.46,816.78,0,55295.76
2025-03-18,326.78,320.2,769239.46,0,0.0,769239.46,816.78,0,55295.76
2025-03-19,324.0,318.8,769239.46,0,0.0,769239.46,816.78,0,55295.76
2025-03-20,323.32,318.32,769239.46,0,0.0,769239.46,816.78,0,55295.76
2025-03-21,322.3,319.0,769239.46,0,0.0,769239.46,816.78,0,55295.76
